Date,Spread_hat,Kalman_sigma,Lower_95,Upper_95,Fixing_USD,Spread_obs_t,IB_next_actual,basket_change,Basket_value,Nowcasted_intrinsic,Lower_intrinsic,Upper_intrinsic,Naive1,Naive2,EWMA_spread,EWMA_intrinsic
2024-11-21,-0.0020840223034618447,0.03682110013765629,-0.07425337857326818,0.07008533396634449,3.1693,-0.002349999999999852,3.1804,0.0019915691160941984,3.1756181694468695,3.1735341471434078,3.1013647908736015,3.245703503413214,3.1693,3.16695,-0.0020840223034618447,3.1735341471434078
2024-11-22,-0.0009459612101551044,0.035188287382074177,-0.06991500447902049,0.06802308205871027,3.18745,0.011100000000000332,3.1721,0.001790858972552319,3.1931633878410146,3.1922174266308594,3.123248383361994,3.261186469899725,3.18745,3.1985500000000004,-0.0010597673194857782,3.1921036205215287
2024-11-25,0.0003983329404232105,0.03507258501937178,-0.06834393369754548,0.0691405995783919,3.1694,-0.015350000000000197,3.1624,-0.0022881545707162903,3.1621562135156434,3.1625545464560667,3.093812279818098,3.231296813094035,3.1694,3.15405,0.0002525229144323118,3.1624087364300757
2024-11-26,8.169727728057883e-05,0.03506397592913496,-0.06864369554382395,0.0688070900983851,3.1723,-0.007000000000000117,3.1583,8.40237516900073e-06,3.1723266549667306,3.172408352244011,3.1036829594229065,3.241133745065116,3.1723,3.1653,9.87798409957521e-05,3.1724254348077263
2024-11-27,-0.003930957899576843,0.03506333309852805,-0.07265509077269182,0.06479317497353813,3.1594,-0.01399999999999979,3.1568,-0.002950098746120457,3.1500931927715,3.146162234871923,3.0774381019988084,3.2148863677450383,3.1594,3.1454000000000004,-0.0035279841255195844,3.1465652086459803
2024-11-28,-0.003127198194412815,0.035063285086576246,-0.07185123696410226,0.06559684057527662,3.16295,-0.0026000000000001577,3.1476,0.00031463041559802115,3.163945316843281,3.160818118648868,3.0920940798791787,3.2295421574185577,3.16295,3.1603499999999998,-0.003167276787523492,3.1607780400557575
2024-11-29,-0.003214002095966232,0.0350632815005732,-0.0719380338370897,0.06551002964515724,3.15705,-0.015349999999999753,3.1599,-0.0011474750446776368,3.1534294415576962,3.15021543946173,3.0814914077206064,3.2189394712028534,3.15705,3.1417,-0.003209329565121958,3.1502201119925743
2024-12-02,-0.0024556203372304904,0.035063281232734965,-0.07117965155339101,0.06626841087893004,3.16485,0.002850000000000019,3.1646,0.002416343199614399,3.17250661054932,3.1700509902120895,3.1013269589959287,3.23877502142825,3.16485,3.1677,-0.002530991260019637,3.1699756192893003
2024-12-03,-0.002885714320744579,0.03506328121273015,-0.07160974549769566,0.0658383168562065,3.16145,-0.00024999999999986144,3.1601,-0.0003898200127627688,3.1602178436958472,3.157332129375103,3.0886080981981516,3.2260561605520537,3.16145,3.1612,-0.002850242014672085,3.1573676016811754
2024-12-04,0.00015610023232514138,0.03506328121123599,-0.0685679309416974,0.06888013140634767,3.17335,-0.0013499999999999623,3.1538,-1.2798110402530876e-05,3.173309387376237,3.173465487608562,3.1047414564345397,3.2421895187825847,3.17335,3.172,-0.00014453399237458086,3.1731648533838626
2024-12-05,-0.000534342616556307,0.03506328121112439,-0.06925837379036012,0.0681896885572475,3.1537,-0.01955000000000018,3.1488,-0.0023471653389811223,3.1463064250362796,3.145772082419723,3.0770480512459195,3.214496113593527,3.1537,3.13415,-0.0004953617541381345,3.1458110632821414
2024-12-06,-0.0026697696115123987,0.03506328121111606,-0.07139380078529987,0.06605426156227508,3.1502,-0.0049000000000001265,3.1513,0.0005378384962927641,3.151894754542285,3.1492249849307727,3.080500953756985,3.2179490161045603,3.1502,3.1452999999999998,-0.0024523288257749724,3.14944242571651
2024-12-09,-0.004485886932276867,0.03506328121111543,-0.0732099181060631,0.06423814424150938,3.1536,0.001100000000000101,3.154,0.0005829209382323683,3.1554388353665592,3.1509529484342824,3.082228917260496,3.2196769796080686,3.1536,3.1547,-0.004282531121626678,3.1511563042449326
2024-12-10,-0.0011360749670481932,0.035063281211115384,-0.06986010614083435,0.06758795620673796,3.1627,0.00039999999999995595,3.1615,0.0007075013651256305,3.164938406311873,3.1638023313448245,3.0950783001710387,3.2325263625186107,3.1627,3.1631,-0.0014507205825060412,3.163487685729367
2024-12-11,-9.917832394945386e-05,0.035063281211115384,-0.06882320949773561,0.0686248528498367,3.16445,-0.0011999999999998678,3.1615,0.0010110430425645262,3.1676510130643623,3.167551834740413,3.0988278035666266,3.236275865914199,3.16445,3.16325,-0.00023433254980511243,3.167416680514557
2024-12-12,-0.00039858936322384133,0.035063281211115384,-0.06912262053701,0.06832544181056231,3.16955,-0.002949999999999786,3.1672,0.0011496131568271481,3.173195851639195,3.1727972622759713,3.104073231102185,3.241521293449757,3.16955,3.1666000000000003,-0.00038216368188196846,3.172813687957313
2024-12-13,-0.0008805750085205539,0.035063281211115384,-0.06960460618230671,0.0678434561652656,3.17095,-0.0023500000000002963,3.1644,-0.00045695039814240264,3.169501364137584,3.1686207891290636,3.0998967579552774,3.2373448203028494,3.17095,3.1685999999999996,-0.0008307338758566955,3.1686706302617274
2024-12-16,-0.0011410024721723565,0.035063281211115384,-0.06986503364595852,0.0675830287016138,3.17155,-0.006549999999999834,3.165,-0.000449243129846116,3.170125522943759,3.1689845204715867,3.1002604892978005,3.237708551645373,3.17155,3.165,-0.0011099756125407905,3.169015547331218
2024-12-18,-0.001475500554977104,0.035063281211115384,-0.07019953172876327,0.06724853061880905,3.17275,-0.006549999999999834,3.183,0.004530078860554939,3.1871554118955947,3.1856799113406176,3.1169558801668313,3.254403942514404,3.17275,3.1662000000000003,-0.0014389480607334727,3.1857164638348614
2024-12-19,-0.002253456083996499,0.035063281211115384,-0.07097748725778266,0.06647057508978965,3.19405,0.010249999999999648,3.1863,0.0005816271717992582,3.195908286630697,3.1936548305467007,3.1249307993729145,3.262378861720487,3.19405,3.2042999999999995,-0.0021720052816701966,3.193736281349027
2024-12-20,-0.0004705834202955561,0.035063281211115384,-0.06919461459408172,0.0682534477534906,3.19375,-0.007749999999999702,3.1814,-0.0023006347070674386,3.1864107935579873,3.1859402101376917,3.1172161789639055,3.254664241311478,3.19375,3.1860000000000004,-0.0006407256064330199,3.1857700679515544
2024-12-23,0.0007307625555306269,0.035063281211115384,-0.06799326861825553,0.06945479372931679,3.19685,-0.012350000000000083,3.1843,0.0009463872115215192,3.1998768900362435,3.200607652591774,3.131883621417988,3.2693316837655604,3.19685,3.1845,0.0005936137393342623,3.200470503775578
2024-12-24,-0.0030911120686834192,0.035063281211115384,-0.07181514324246957,0.06563291910510274,3.19615,-0.012550000000000061,3.1817,0.0001651748805904084,3.196677967296866,3.1935868552281823,3.1248628240543965,3.2623108864019685,3.19615,3.1835999999999998,-0.0027226394878816515,3.1939553278089843
2024-12-25,-0.003964341780249972,0.035063281211115384,-0.07268837295403613,0.06475968939353619,3.19405,-0.01444999999999963,3.1854,-0.0002039591060676891,3.193398610847897,3.1894342690676467,3.120710237893861,3.258158300241433,3.19405,3.1796,-0.00384017155101314,3.1895584392968837
2024-12-26,-0.004202808348995609,0.035063281211115384,-0.07292683952278177,0.06452122282479054,3.19715,-0.008649999999999824,3.1851,-0.00022019790899722942,3.196446071759857,3.1922432634108615,3.1235192322370753,3.2609672945846477,3.19715,3.1885000000000003,-0.004166544669197362,3.1922795270906597
2024-12-27,-0.0039392886215039525,0.035063281211115384,-0.07266331979529012,0.0647847425522822,3.19045,-0.012050000000000338,3.1829,-0.00044702971148338717,3.189024092792187,3.185084804170683,3.116360772996897,3.2538088353444694,3.19045,3.1783999999999994,-0.003962014226273293,3.1850620785659136
2024-12-30,-0.003225839005791346,0.035063281211115384,-0.0719498701795775,0.06549819216799481,3.19735,-0.007549999999999724,3.1845,0.0005018855474824497,3.198955106511431,3.1957292675056395,3.1270052363318537,3.2644532986794257,3.19735,3.1898000000000004,-0.0032994565278395404,3.1956556499835913
2024-12-31,-0.003378110269251332,0.035063281211115384,-0.07210214144303749,0.06534592090453482,3.19675,-0.01285000000000025,3.1986,0.0016885645020289863,3.202152478504923,3.198774368235672,3.1300503370618857,3.2674983994094577,3.19675,3.1839,-0.0033702448951101528,3.198782233609813
2025-01-02,-0.003107128576587928,0.035063281211115384,-0.07183115975037409,0.06561690259719823,3.21465,0.0018499999999996852,3.2098,0.003081820733060917,3.224572256474245,3.221465127897657,3.152741096723871,3.2901891590714434,3.21465,3.2164999999999995,-0.00313344020844015,3.221438816265805
2025-01-03,-0.002528654233690394,0.035063281211115384,-0.07125268540747655,0.06619537694009577,3.21905,-0.004849999999999799,3.1954,-0.0013952743458669344,3.2145616740681042,3.212033019834414,3.143308988660628,3.2807570510082,3.21905,3.2142000000000004,-0.0025891328311653692,3.2119725412369386
2025-01-06,-0.0005162068404770409,0.035063281211115384,-0.0692402380142632,0.06820782433330912,3.19275,-0.023650000000000393,3.1845,-0.0026181964237162784,3.184401686898873,3.1838854800583962,3.11516144888461,3.2526095112321824,3.19275,3.1691,-0.0007234994395458735,3.183678187459327
2025-01-07,-0.0037539498033794883,0.035063281211115384,-0.07247798097716565,0.06497008137040666,3.19785,-0.008250000000000313,3.2038,0.0016453473890843315,3.2031159050817974,3.199361955278418,3.1306379241046316,3.268085986452204,3.19785,3.1895999999999995,-0.0034509047669961275,3.1996650003148015
2025-01-08,-0.005601077857507125,0.035063281211115384,-0.07432510903129329,0.06312295331627903,3.2193,0.005950000000000344,3.2109,0.0012035460612533618,3.2231769083859194,3.2175758305284123,3.148851799354626,3.2862998617021986,3.2193,3.2252500000000004,-0.005386060548456025,3.2177908478374633
2025-01-09,-0.0012418335506913045,0.035063281211115384,-0.06996586472447747,0.06748219762309485,3.2179,-0.008399999999999963,3.2143,0.0008051430625174457,3.2204919131513026,3.219250079600611,3.150526048426825,3.2879741107743974,3.2179,3.2095000000000002,-0.001656256250467776,3.218835656900835
2025-01-10,-0.00013463904267524914,0.035063281211115384,-0.0688586702164614,0.06858939213111091,3.23055,-0.0036000000000000476,3.2323,0.0018973049846313006,3.2366851569095667,3.2365505178668914,3.167826486693105,3.3052745490406776,3.23055,3.22695,-0.0002868007634545016,3.236398356146112
2025-01-13,-0.0022829494859894564,0.035063281211115384,-0.07100698065977562,0.0664410816877967,3.2381,0.0017499999999999183,3.2217,-1.5710754370510524e-05,3.2380491274058976,3.235766177919908,3.167042146746122,3.3044902090936943,3.2381,3.23985,-0.002083334613735961,3.2359657927921615
2025-01-14,-0.0008258571266501569,0.035063281211115384,-0.06954988830043632,0.067898174047136,3.2311,-0.016400000000000414,3.2135,-0.00166775870978646,3.2257157958574636,3.2248899387308136,3.1561659075570274,3.2936139699045994,3.2311,3.2146999999999997,-0.0009516048753587371,3.2247641909821048
2025-01-15,-0.0017618634581529067,0.035063281211115384,-0.07048589463193906,0.06696216771563325,3.21155,-0.017600000000000282,3.2152,8.564516682487702e-05,3.2118250655143643,3.210063202056211,3.1413391708824254,3.2787872332299974,3.21155,3.1939499999999996,-0.0016808375998734898,3.210144227914491
2025-01-16,-0.005250531635984717,0.035063281211115384,-0.07397456280977087,0.06347349953780144,3.22445,0.003649999999999931,3.2129,-0.00046534627136539765,3.2229498632838807,3.217699331647896,3.1489753004741097,3.286423362821682,3.22445,3.2281,-0.004893562232373595,3.218056301051507
2025-01-17,-0.003217501782374333,0.035063281211115384,-0.07194153295616049,0.06550652939141183,3.22005,-0.011550000000000171,3.2094,0.0013322142280494348,3.2243426551582877,3.2211251533759135,3.1524011222021273,3.2898491845496993,3.22005,3.2085,-0.003385107827374259,3.2209575473309133
2025-01-20,-0.0008948333674137696,0.035063281211115384,-0.06961886454119992,0.0678291978063724,3.20025,-0.010650000000000048,3.1996,-0.0047556084237652665,3.185066994969809,3.1841721616023952,3.115448130428609,3.2528961927761815,3.20025,3.1896,-0.0011438608134098182,3.1839231341563994
2025-01-21,-0.003614403113992076,0.035063281211115384,-0.07233843428777824,0.06510962805979408,3.20425,-0.0006499999999998174,3.1885,-0.0005743953584124593,3.2024100221607608,3.1987956190467686,3.1300715878729823,3.267519650220555,3.20425,3.2036000000000002,-0.003367348883933851,3.199042673276827
2025-01-22,-0.002386586743407916,0.035063281211115384,-0.07111061791719407,0.06633744443037824,3.19515,-0.015750000000000153,3.1914,0.0009569854971900988,3.1982091757712987,3.1958225890278906,3.127098557854105,3.264546620201677,3.19515,3.1794,-0.0024846629574605096,3.1957245128138383
2025-01-23,-0.0021368719438712527,0.035063281211115384,-0.07086090311765741,0.0665871592299149,3.19605,-0.003750000000000142,3.1821,-0.00048562481335804887,3.1944982956188372,3.192361423674966,3.12363739250118,3.261085454848752,3.19605,3.1923,-0.0021716510452301782,3.192326644573607
2025-01-24,-0.0036601862333217046,0.035063281211115384,-0.07238421740710786,0.06506384494046445,3.18495,-0.013949999999999907,3.1745,-0.0027234027668673623,3.176287898906552,3.1726277126732305,3.1039036814994443,3.2413517438470167,3.18495,3.1710000000000003,-0.0035113327145125522,3.1727765661920397
2025-01-27,-0.0025203769593259654,0.035063281211115384,-0.07124440813311213,0.06620365421446019,3.17145,-0.01045000000000007,3.1826,-0.00029627564614595904,3.1705105157820497,3.1679901388227236,3.0992661076489374,3.23671416999651,3.17145,3.161,-0.0026194725348446237,3.167891043247205
2025-01-28,-0.0040395105032043155,0.035063281211115384,-0.07276354167699048,0.06468452067058184,3.19075,0.011149999999999771,3.1848,0.002111670315196205,3.1974949310872005,3.1934554205839962,3.12473138941021,3.2621794517577825,3.19075,3.2018999999999997,-0.0038975067063683464,3.1935974243808323
2025-01-29,-0.0010946494122252644,0.035063281211115384,-0.06981868058601143,0.06762938176156089,3.19765,-0.0059499999999999,3.1861,0.00012164467843845176,3.198039000765465,3.1969443513532396,3.128220320179454,3.265668382527026,3.19765,3.1917,-0.0013749351416395723,3.1966640656238257
2025-01-30,0.001093187511713767,0.035063281211115384,-0.06763084366207239,0.06981721868549992,3.18245,-0.011549999999999727,3.1876,0.0007999767699026856,3.1849969046678344,3.186090092179548,3.117366061005762,3.2548141233533343,3.18245,3.1709,0.0008463752463784334,3.185843279914213
2025-01-31,-0.0026879074126140456,0.035063281211115384,-0.0714119385864002,0.06603612376117211,3.19845,0.005150000000000432,3.2205,0.001021458849072478,3.2017187542205656,3.1990308468079514,3.1303068156341656,3.2677548779817376,3.19845,3.2036000000000002,-0.002334479146714798,3.199384275073851
2025-02-03,-0.001879456391988828,0.035063281211115384,-0.07060348756577499,0.06684457478179733,3.2212,0.022050000000000125,3.2018,7.798938964562206e-05,3.2214512292184057,3.219571772826417,3.1508477416526306,3.288295804000203,3.2212,3.24325,-0.001924958667461425,3.2195262705509444
2025-02-04,0.0031007368085708745,0.035063281211115384,-0.06562329436521529,0.07182476798235703,3.20365,-0.019400000000000084,3.1857,-0.0010948977949939603,3.2001442502481288,3.2032449870566997,3.1345209558829135,3.271969018230486,3.20365,3.18425,0.0025981672609676452,3.2027424175090964
2025-02-05,0.001678260213393379,0.035063281211115384,-0.06704577096039278,0.07040229138717953,3.18945,-0.01794999999999991,3.1913,-0.0011015450274412062,3.1859386115435346,3.187616871756928,3.118892840583142,3.256340902930714,3.18945,3.1715,0.0017702509181508055,3.1877088624616854
2025-02-06,-0.0058526771632960535,0.035063281211115384,-0.07457670833708221,0.0628713540104901,3.19795,0.0018500000000001293,3.1881,0.0007289908073322618,3.200282126098272,3.194429448934976,3.1257054177611896,3.263153480108762,3.19795,3.1998,-0.005090384355151368,3.1951917417431206
2025-02-07,-0.0034731666012259546,0.035063281211115384,-0.07219719777501211,0.0652508645725602,3.19645,-0.009850000000000136,3.2011,0.0015468114532079858,3.2013981313961786,3.197924964794953,3.1292009336211666,3.2666489959687386,3.19645,3.1866,-0.003634888376618496,3.19776324301956
2025-02-10,-0.0010478560407800536,0.035063281211115384,-0.06977188721456622,0.0676761751330061,3.20655,0.004649999999999821,3.2047,0.0008893566151478748,3.2094030349490033,3.2083551789082234,3.139631147734437,3.277079210082009,3.20655,3.2112,-0.0013065592743638976,3.2080964756746395
2025-02-11,-0.0016758968141247445,0.035063281211115384,-0.0703999279879109,0.06704813435966141,3.20455,-0.0018500000000001293,3.1979,-0.001749043038052139,3.1989500028780027,3.197274106063878,3.1285500748900916,3.265998137237664,3.20455,3.2026999999999997,-0.0016389630601486597,3.197311039817854
2025-02-12,0.00032043051081385917,0.035063281211115384,-0.0684036006629723,0.06904446168460002,3.20795,-0.006649999999999601,3.1845,-0.0002345598031827896,3.20719763212046,3.207518062631274,3.1387940314574876,3.27624209380506,3.20795,3.2013000000000003,0.00012449115371760756,3.2073221232741775
2025-02-13,-0.0013932041150829795,0.035063281211115384,-0.07011723528886914,0.06733082705870318,3.19465,-0.02344999999999997,3.1733,-0.003079077650390588,3.1848285528429283,3.1834353487278455,3.1147113175540593,3.2521593799016313,3.19465,3.1712000000000002,-0.001241434588202921,3.1835871182547253
2025-02-14,-0.004073042107409496,0.035063281211115384,-0.07279707328119565,0.06465098906637666,3.17225,-0.021350000000000424,3.168,-0.0008883542642378422,3.1694331695421933,3.165360127434784,3.0966360962609976,3.23408415860857,3.17225,3.1508999999999996,-0.0037898813554888386,3.1656432881867045
2025-02-17,-0.006955317594736142,0.035063281211115384,-0.0756793487685223,0.06176871357905001,3.1739,-0.004249999999999865,3.1715,-0.0001132993681706693,3.173540419505869,3.166585101911133,3.097861070737347,3.235309133084919,3.1739,3.1696500000000003,-0.006638773970811412,3.1669016455350576
2025-02-18,-0.00475031608451754,0.035063281211115384,-0.0734743472583037,0.06397371508926862,3.17845,-0.0024000000000001798,3.1746,0.001123405969736488,3.1820226961228446,3.177272380038327,3.108548348864541,3.245996411212113,3.17845,3.17605,-0.004939161873146927,3.1770835342496975
2025-02-19,-0.0013870665007245733,0.035063281211115384,-0.07011109767451074,0.06733696467306158,3.1814,-0.003850000000000353,3.1745,0.0006609016735454081,3.183503287540787,3.1821162210400624,3.1133921898662766,3.2508402522138486,3.1814,3.1775499999999997,-0.0017422760379668082,3.1817610115028203
2025-02-20,-0.0011982970249081524,0.035063281211115384,-0.0699223281986943,0.06752573414887801,3.17615,-0.006899999999999906,3.1654,-0.0028214464753558944,3.1672012928627966,3.1660029958378884,3.097278964664102,3.2347270270116746,3.17615,3.16925,-0.001252694926214018,3.1659485979365827
2025-02-21,-0.00179044078778872,0.035063281211115384,-0.07051447196157487,0.06693359038599744,3.17065,-0.010749999999999815,3.1636,0.0012299170364356649,3.174552035549692,3.1727615947619032,3.104037563588117,3.2414856259356895,3.17065,3.1599000000000004,-0.0017366662016312499,3.1728153693480605
2025-02-24,-0.0027637818784255835,0.035063281211115384,-0.07148781305221175,0.06596024929536057,3.17185,-0.007050000000000001,3.1677,-0.00010122033149102399,3.171528960539695,3.1687651786612694,3.100041147487483,3.237489209835055,3.17185,3.1648,-0.0026610703107461504,3.1688678902289484
2025-02-25,-0.0030842424045832303,0.035063281211115384,-0.07180827357836939,0.06563978876920293,3.1652,-0.004150000000000098,3.1638,-0.001554345409794445,3.1602840074738765,3.157199765069293,3.088475733895507,3.2259237962430793,3.1652,3.16105,-0.0030419251951995224,3.157242082278677
2025-02-26,-0.0020912709771988528,0.035063281211115384,-0.07081530215098501,0.0666327601965873,3.1688,-0.0013999999999998458,3.1667,0.0007470283241450334,3.171168067750267,3.169076796773068,3.1003527655992817,3.237800827946854,3.1688,3.1674,-0.0021863363989989195,3.168981731351268
2025-02-27,-0.0012613649920455144,0.035063281211115384,-0.06998539616583167,0.06746266618174064,3.17765,-0.0020999999999999908,3.1832,0.0027669113826719375,3.186454450905771,3.1851930859137254,3.116469054739939,3.2539171170875116,3.17765,3.17555,-0.001353862132740855,3.18510058877303
2025-02-28,-0.0008208171752328219,0.035063281211115384,-0.06954484834901897,0.06790321399855334,3.18425,0.005549999999999944,3.1801,0.000825398413926274,3.1868793598850065,3.1860585427097736,3.1173345115359874,3.25478257388356,3.18425,3.1898,-0.0008741216709836251,3.186005238214023
2025-03-03,-9.578190557392213e-05,0.035063281211115384,-0.06881981307936008,0.06862824926821223,3.1778,-0.004150000000000098,3.1608,-0.0037360841395795157,3.165949622609035,3.165853840703461,3.0971298095296746,3.234577871877247,3.1778,3.17365,-0.00017361588211489232,3.16577600672692
2025-03-04,0.0003685680667947457,0.035063281211115384,-0.06835546310699141,0.06909259924058091,3.16095,-0.016999999999999904,3.1276,-0.004001629284140801,3.148326324394561,3.148694892461356,3.0799708612875696,3.217418923635142,3.16095,3.1439500000000002,0.00031434967190378197,3.1486406740664648
2025-03-05,-0.0034334964507892153,0.035063281211115384,-0.07215752762457538,0.06529053472299694,3.1283,-0.03334999999999999,3.1026,-0.004899443382984374,3.113010556730504,3.109577060279715,3.0408530291059286,3.178301091453501,3.1283,3.09495,-0.0030587118385199162,3.109951844891984
2025-03-06,-0.008390657508039941,0.035063281211115384,-0.0771146886818261,0.06033337366574622,3.1085,-0.025700000000000056,3.0961,6.515842238932624e-05,3.1087025515548956,3.1003118940468557,3.0315878628730695,3.169035925220642,3.1085,3.0827999999999998,-0.00785746294108794,3.1008450886138075
2025-03-07,-0.009593645758545186,0.035063281211115384,-0.07831767693233134,0.059130385415240974,3.0982,-0.012399999999999967,3.0941,-0.0014157884581646994,3.0938167078383163,3.0842230620797713,3.015499030905985,3.1529470932535575,3.0982,3.0858,-0.009420027476799462,3.084396680361517
2025-03-10,-0.006452637697316724,0.035063281211115384,-0.07517666887110289,0.062271393476469435,3.0952,-0.0040999999999997705,3.0838,9.691394051363134e-05,3.09549998256469,3.089047344867373,3.020323313693587,3.1577713760411594,3.0952,3.0911000000000004,-0.006749376675264997,3.088750605889425
2025-03-11,-0.0030776652663914504,0.035063281211115384,-0.0718016964401776,0.06564636590739471,3.0897,-0.011400000000000077,3.0839,-0.0024311180931282997,3.0821976976142897,3.079120032347898,3.010396001174112,3.1478440635216844,3.0897,3.0783,-0.0034448364072788046,3.0787528612070107
2025-03-12,-0.002314630973234574,0.035063281211115384,-0.07103866214702073,0.06640940020055158,3.0893,-0.005800000000000249,3.0908,0.0008145703471694521,3.091817477365516,3.089502846392281,3.020778815218495,3.1582268775660673,3.0893,3.0835,-0.002427651516638997,3.089389825848877
2025-03-13,-0.00307204266089686,0.035063281211115384,-0.07179607383468302,0.0656519885128893,3.0947,0.0015000000000000568,3.0917,0.0008438159462223001,3.0973124592711585,3.0942404166102615,3.0255163854364753,3.1629644477840477,3.0947,3.0962,-0.003007603546471074,3.0943048557246873
2025-03-14,-0.0012603173589806958,0.035063281211115384,-0.06998434853276685,0.06746371381480547,3.0906,-0.0030000000000001137,3.0876,-0.0004580353365607107,3.0891847201376628,3.087924402778682,3.019200371604896,3.1566484339524683,3.0906,3.0875999999999997,-0.0014350459777297334,3.087749674159933
2025-03-17,-0.0003858353133502524,0.035063281211115384,-0.0691098664871364,0.06833819586043591,3.08865,-0.0029999999999996696,3.0763,-0.0012452836463087646,3.0848061485052627,3.0844203131919126,3.0156962820181263,3.153144344365699,3.08865,3.0856500000000002,-0.0004907563797882003,3.0843153921254745
2025-03-18,-0.0012191948787703358,0.035063281211115384,-0.0699432260525565,0.06750483629501582,3.08505,-0.012350000000000083,3.0837,-0.0005850178629531147,3.08324571846182,3.0820265235830497,3.0133024924092635,3.150750554756836,3.08505,3.0726999999999998,-0.0011463510288721225,3.082099367432948
2025-03-19,-0.0022112871219150884,0.035063281211115384,-0.07093531829570124,0.06651274405187108,3.0929,-0.0013499999999999623,3.0947,0.00094260287884559,3.0958167508969168,3.0936054637750017,3.0248814326012154,3.162329494948788,3.0929,3.0915500000000002,-0.002104793512610792,3.093711957384306
2025-03-21,-0.002775754565001025,0.035063281211115384,-0.07149978573878718,0.06594827660878513,3.1013,0.0017999999999998018,3.096,0.0012566230745663777,3.105199614800966,3.102423860235965,3.033699829062179,3.1711478914097513,3.1013,3.1031,-0.002708658459762002,3.102490956341204
2025-03-24,-0.00040402798902165374,0.035063281211115384,-0.06912805916280781,0.0683200031847645,3.0998,-0.005300000000000082,3.1049,0.0005946658939353971,3.101643893533982,3.1012398655449602,3.0325158343711744,3.1699638967187465,3.0998,3.0945,-0.0006344910360956883,3.1010094024978865
2025-03-25,-0.0005735607283695094,0.035063281211115384,-0.06929759190215566,0.06815047044541665,3.10565,0.0051000000000001044,3.1051,-3.743108787882706e-05,3.105533754317544,3.104960193589174,3.0362361624153884,3.1736842247629604,3.10565,3.11075,-0.0005796537591421274,3.104954100558402
2025-03-26,-0.0007790450061835833,0.035063281211115384,-0.06950307617996974,0.06794498616760257,3.1106,-0.0005499999999996064,3.1074,0.0014058535011408524,3.1149761232740056,3.114197078267822,3.045473047094036,3.182921109441608,3.1106,3.11005,-0.0007591058814794377,3.114217017392526
2025-03-27,0.0005691631014545151,0.035063281211115384,-0.06815486807233165,0.06929319427524067,3.1117,-0.0031999999999996476,3.1054,-0.001463129520708047,3.107150508929367,3.1077196720308216,3.0389956408570353,3.176443703204608,3.1117,3.1085000000000003,0.00043633620316111993,3.107586845132528
2025-03-28,-0.0007162596334092202,0.035063281211115384,-0.06944029080719538,0.06800777154037693,3.11185,-0.006299999999999972,3.1023,-0.0008401221491086052,3.109236763762821,3.108520504129412,3.0397964729556257,3.177244535303198,3.11185,3.10555,-0.0006010000497521863,3.108635763713069
2025-04-02,-0.0015815660404336139,0.035063281211115384,-0.07030559721421976,0.06714246513335255,3.1029,-0.009549999999999947,3.0604,-0.0020670659134531056,3.0964927255878103,3.094911159547377,3.0261871283735906,3.163635190721163,3.1029,3.09335,-0.0014835094413654713,3.095009216146445
2025-04-03,-0.004305092143822838,0.069304965806977,-0.14014282512549772,0.13153264083785207,3.0493,-0.04249999999999998,3.0518,-0.005889956118621548,3.0313925456374817,3.027087453493659,2.891249720511984,3.162925186475334,3.0493,3.0068,-0.004022933873577102,3.0273696117639046
2025-04-04,-0.021828893480648842,0.06992094998160919,-0.15887395544460287,0.11521616848330518,3.0648,0.0024999999999999467,3.0625,0.0035585538972139497,3.0757256842727507,3.053896790792102,2.916851728828148,3.190941852756056,3.0648,3.0673,-0.02004829751994167,3.055677386752809
2025-04-07,-0.01168706536973459,0.06992560253839844,-0.14874124634499555,0.12536711560552635,3.08065,-0.0022999999999999687,3.0764,0.0023344027620501766,3.087849878307207,3.076162812937472,2.939108631962211,3.213216993912733,3.08065,3.07835,-0.012523188584755297,3.0753266897224516
2025-04-08,0.002618087635411982,0.06992563726495081,-0.13443616140389159,0.13967233667471557,3.08515,-0.004249999999999865,3.057,-0.0018254367625487227,3.0795233908440482,3.08214147847946,2.9450872294401567,3.219195727518764,3.08515,3.0809,0.001103960013395256,3.0806273508574433
2025-04-10,-8.220133004963166e-05,0.06992563752412569,-0.13713645087733597,0.1369720482172367,3.04475,-0.02815000000000012,2.9903,-0.007707066163672637,3.021374105788179,3.0212919044581295,2.884237654910843,3.1583461540054154,3.04475,3.0166,3.6414804294856946e-05,3.021410520592474
2025-04-11,-0.01321156746120387,0.06992563752605999,-0.15026581701228142,0.12384268208987369,3.00005,-0.05445000000000011,2.99,0.0,3.00005,2.986838432538796,2.8497841829877184,3.1238926820898736,3.00005,2.9455999999999998,-0.011886769234654,2.988163230765346
2025-04-14,-0.019655367839572335,0.03627464937406636,-0.0907536806127424,0.05144294493359773,3.00815,-0.01004999999999967,2.9952,-0.0010500688282937753,3.0049928933339145,2.985337525494342,2.914239212721172,3.0564358382675123,3.00815,2.9981000000000004,-0.018878507979080503,2.986114385354834
2025-04-15,-0.013704493929511893,0.03515073911635034,-0.08259994259755855,0.05519095473853476,3.00625,-0.012950000000000017,2.9883,0.0014681401390388344,3.010666837768042,2.9969623438385304,2.9280668951704834,3.065857792506577,3.00625,2.9933,-0.014221895334468753,2.9964449424335733
2025-04-16,-0.004175689020342108,0.03506979732192456,-0.07291249177131426,0.06456111373063003,2.99725,-0.01794999999999991,2.9916,-0.003028929528554084,2.9881852761057703,2.984009587085428,2.915272784334456,3.0527463898364005,2.99725,2.9793000000000003,-0.005180309651754771,2.9830049664540157
2025-04-17,-0.005464418712436758,0.03506376780929394,-0.07418940361865288,0.06326056619377936,2.99405,-0.005650000000000155,2.987,0.0006679780057562493,2.996050627661383,2.9905862089489466,2.9218612240427304,3.0593111938551627,2.99405,2.9884,-0.005436007806368559,2.9906146198550148
2025-04-18,-0.004576967089404962,0.03506331755459325,-0.07330106949640773,0.06414713531759782,2.99455,-0.007050000000000001,2.9601,0.0,2.99455,2.9899730329105947,2.9212489305035922,3.0586971353175976,2.99455,2.9875,-0.004662871161101322,2.9898871288388986
2025-04-21,-0.0022352606830104015,0.03506328392560394,-0.07095929717719412,0.06648877581117332,2.97125,-0.03444999999999965,2.9621,-0.0042221772353313505,2.958731302566515,2.9564960418835047,2.887772005389321,3.0252200783776884,2.97125,2.9368000000000003,-0.0024780217308194934,2.956253280835696
2025-04-22,-0.005753498483154966,0.035063281413860295,-0.07447753005432114,0.0629705330880112,2.97525,-0.009149999999999991,2.9832,0.002523483583521428,2.9827674756558213,2.9770139771726662,2.9082899456015,3.0457380087438324,2.97525,2.9661,-0.005425950807921419,2.9773415248479
2025-04-23,-0.007801212282236274,0.03506328122625838,-0.07652524348570271,0.06092281892123015,2.99635,0.007950000000000124,2.99,0.003312578536783012,3.0062921026051708,2.9984908903229344,2.929766859119468,3.067214921526401,2.99635,3.0043,-0.007563686134804789,2.998728416470366
2025-04-24,-0.001183468362624799,0.03506328121224642,-0.06990749953862778,0.06754056281337818,2.99365,-0.006349999999999856,2.9925,-0.0023678977684481145,2.9865697288328548,2.98538626047023,2.916662229294227,3.054110291646233,2.99365,2.9873000000000003,-0.0018214901398427971,2.9847482386930118
2025-04-25,0.00045443127361250975,0.035063281211199865,-0.06826959990033922,0.06917846244756425,2.99755,-0.0011499999999999844,2.9928,0.0,2.99755,2.9980044312736123,2.929280400099661,3.066728462447564,2.99755,2.9964,0.00022683913226697935,2.997776839132267
2025-04-28,-0.0016432029819095494,0.03506328121112169,-0.07036723415570806,0.06708082819188896,2.99465,-0.004750000000000032,2.9829,-0.002515731586641613,2.987125732890645,2.9854825299087353,2.9167584987349366,3.054206561082534,2.99465,2.9899,-0.0014561987704918968,2.985669534120153
2025-04-29,-0.0010622430735018058,0.035063281211115856,-0.06978627424728888,0.06766178810028527,2.98875,-0.01175000000000015,2.9871,0.0010705701575969247,2.9919513799036475,2.9908891368301456,2.9221651056563585,3.0596131680039327,2.98875,2.977,-0.001101638643200815,2.9908497412604467
2025-04-30,-0.002471712607158574,0.03506328121111542,-0.07119574378094479,0.06625231856662764,2.99425,-0.0016500000000001513,2.9889,0.0019040985929266077,2.999956778622239,2.9974850660150807,2.9287610348412945,3.066209097188867,2.99425,2.9926,-0.002334705210762798,2.9976220734114762
2025-05-02,-0.0026964792547819042,0.035063281211115384,-0.07142051042856806,0.06602755191900425,2.9938,-0.005349999999999966,2.9923,0.0,2.9938,2.991103520745218,2.9223794895714317,3.059827551919004,2.9938,2.98845,-0.0026603018503799933,2.99113969814962
2025-05-05,-0.0012185500019296594,0.035063281211115384,-0.06994258117571582,0.0675054811718565,2.99645,-0.0014999999999996128,2.9906,-0.0011342617249207028,2.9930531682666546,2.991834618264725,2.923110587090939,3.060558649438511,2.99645,2.9949500000000002,-0.0013627251867746927,2.99169044307988
2025-05-06,-0.001495303711614298,0.035063281211115384,-0.07021933488540046,0.06722872746217186,2.99555,-0.005849999999999689,2.9891,-0.00194646675427949,2.9897249325034654,2.988229628791851,2.919505597618065,3.0569536599656373,2.99555,2.9897000000000005,-0.0014820458591303374,2.988242886644335
2025-05-07,-0.0012438193985616487,0.035063281211115384,-0.0699678505723478,0.06748021177522451,2.99265,-0.006450000000000067,2.9903,0.0022823204610368402,2.999487986597836,2.9982441671992746,2.9295201360254883,3.066968198373061,2.99265,2.9861999999999997,-0.0012676420446185175,2.9982203445532174
2025-05-08,-0.0021130939756393873,0.035063281211115384,-0.07083712514942554,0.06661093719814677,3.00255,-0.002349999999999852,2.9998,0.0024113534464350645,3.0097989456631558,3.0076858516875165,2.9389618205137302,3.0764098828613027,3.00255,3.0002,-0.0020285487825373004,3.0077703968806184
2025-05-09,-0.0017891127162000175,0.035063281211115384,-0.07051314388998617,0.06693491845758615,3.0097,-0.002749999999999808,3.0217,0.0,3.0097,3.0079108872838,2.939186856110014,3.0766349184575863,3.0097,3.0069500000000002,-0.0018130563228337458,3.0078869436771662
2025-05-12,-0.0010715456257863463,0.035063281211115384,-0.0697955767995725,0.06765248554799981,3.0379,0.01200000000000001,3.0253,0.003973946489931347,3.049996471487762,3.0489249258619755,2.9802008946881893,3.1176489570357617,3.0379,3.0499,-0.0011456966954910862,3.0488507747922706
2025-05-13,0.0004209638236068409,0.035063281211115384,-0.06830306735017931,0.069144994997393,3.03325,-0.012599999999999945,3.0121,-0.0032614940218003525,3.0233731885943023,3.023794152417909,2.955070121244123,3.0925181835916953,3.03325,3.02065,0.0002642977716970484,3.0236374863659994
2025-05-14,0.0005404405192448819,0.035063281211115384,-0.06818359065454127,0.06926447169303104,3.01645,-0.021149999999999558,3.0075,0.00028120328426134574,3.017298354921315,3.01783879544056,2.9491147642667737,3.0865628266143457,3.01645,2.9953000000000003,0.0005128262444900986,3.017811181165805
2025-05-15,-0.0049243381764869365,0.035063281211115384,-0.0736483693502731,0.06379969299729922,3.01805,-0.008950000000000014,3.0059,-0.0006508910746190966,3.016086217365872,3.0111618791893853,2.942437848015599,3.079885910363171,3.01805,3.0091,-0.004380621734389234,3.011705595631483
2025-05-16,-0.005213090263821861,0.035063281211115384,-0.07393712143760801,0.0635109409099643,3.01905,-0.012150000000000105,2.9979,0.0,3.01905,3.0138369097361783,2.945112878562392,3.082560940909964,3.01905,3.0069,-0.005129843410878598,3.0139201565891214
2025-05-19,-0.003294545941007499,0.035063281211115384,-0.07201857711479366,0.06542948523277865,3.00815,-0.021150000000000002,2.9934,-0.0022631035501124715,3.0013499425750645,2.998055396634057,2.929331365460271,3.0667794278078433,3.00815,2.987,-0.003478075687994609,2.99787186688707
2025-05-20,-0.004844807348381018,0.035063281211115384,-0.07356883852216717,0.06387922382540515,3.00385,-0.014750000000000263,2.9823,-0.0013265205715907395,2.999867972885386,2.995023165537005,2.926299134363219,3.0637471967107914,3.00385,2.9890999999999996,-0.004708134182342377,2.9951598387030436
2025-05-21,-0.0058342558475484516,0.035063281211115384,-0.0745582870213346,0.06288977532623771,2.99095,-0.021549999999999958,2.9809,-0.0014162150676248417,2.9867171695500887,2.98088291370254,2.912158882528754,3.0496069448763263,2.99095,2.9694000000000003,-0.005721643681027844,2.980995525869061
2025-05-22,-0.0053693234845972266,0.035063281211115384,-0.07409335465838339,0.06335470768918892,2.99835,-0.010050000000000114,2.9745,0.001241946712991857,3.002076104259429,2.9967067807748315,2.9279827496010453,3.0654308119486178,2.99835,2.9882999999999997,-0.0054045555042402885,2.9966715487551885
2025-05-23,-0.005408955518722575,0.035063281211115384,-0.07413298669250873,0.06331507565506359,2.98825,-0.023849999999999927,2.9724,0.0,2.98825,2.9828410444812774,2.914117013307491,3.0515650756550636,2.98825,2.9644,-0.005408515517274347,2.9828414844827256
2025-05-26,-0.004741355943358389,0.035063281211115384,-0.07346538711714455,0.06398267523042776,2.98075,-0.01584999999999992,2.9759,-0.0008175046106078797,2.9783142188987264,2.973572862955368,2.9048488317815817,3.042296894129154,2.98075,2.9649,-0.004808071900749985,2.9735061469979764
2025-05-27,-0.006444786800830465,0.035063281211115384,-0.07516881797461662,0.06227924437295569,2.9863,-0.004849999999999799,2.981,0.001930664657380393,2.9920711131157627,2.9856263263149323,2.916902295141146,3.0543503574887185,2.9863,2.98145,-0.006281115310822418,2.9857899978049405
2025-05-28,-0.00379541187173317,0.035063281211115384,-0.07251944304551933,0.06492861930205299,2.99655,-0.005300000000000082,2.9867,0.0010892592224802198,2.9998157980505438,2.9960203861788104,2.9272963550050246,3.0647444173525966,2.99655,2.99125,-0.004043982215642094,2.995771815834902
2025-05-29,-0.0018058306676892873,0.035063281211115384,-0.07052986184147544,0.06691820050609687,2.98805,-0.009850000000000136,2.9853,-0.0018974130465183908,2.9823858102994087,2.9805799796317194,2.911855948457933,3.0493040108055056,2.98805,2.9781999999999997,-0.0020296458224845675,2.980356164476924
2025-05-30,-0.00237363368820762,0.035063281211115384,-0.07109766486199377,0.06635039748557854,2.99425,-0.002749999999999808,2.9675,0.0,2.99425,2.9918763663117924,2.923152335138006,3.0606003974855787,2.99425,2.9915000000000003,-0.0023392349016353145,2.991910765098365
2025-06-02,-0.0024598923402161703,0.035063281211115384,-0.07118392351400232,0.06626413883356999,2.97245,-0.026750000000000274,2.9605,-0.00299380916008736,2.9635643595547303,2.961104467214514,2.892380436040728,3.0298284983883,2.97245,2.9456999999999995,-0.002447826596358085,2.961116532958372
2025-06-03,-0.003727677649804235,0.035063281211115384,-0.0724517088235904,0.06499635352398192,2.98105,-0.011949999999999683,2.9638,0.0019081164528640178,2.986743620870144,2.9830159432203396,2.9142919120465534,3.051739974394126,2.98105,2.9691000000000005,-0.00359969254445962,2.9831439283256844
2025-06-04,-0.006606029290026978,0.035063281211115384,-0.07533006046381313,0.062118001883759176,2.97585,-0.01725000000000021,2.9619,-0.001477485846125694,2.971456470233073,2.964850440943046,2.8961264097692596,3.033574472116832,2.97585,2.9585999999999997,-0.0063053956154702434,2.9651510746176024
2025-06-05,-0.004440289150318497,0.035063281211115384,-0.07316432032410465,0.06428374202346766,2.96585,-0.013949999999999907,2.9574,-0.0005841519189602338,2.96411799895627,2.9596777098059515,2.8909536786321652,3.0284017409797377,2.96585,2.9519,-0.004626799796833672,2.9594911991594364
2025-06-09,-0.005121004099514318,0.035063281211115384,-0.07384503527330047,0.06360302707427185,2.97985,-0.00845000000000029,2.9728,-0.0009502610726626313,2.977019709513042,2.9718987054135275,2.9031746742397413,3.0406227365873137,2.97985,2.9713999999999996,-0.005071583669246253,2.9719481258437956
2025-06-10,-0.0040077245481320925,0.035063281211115384,-0.07273175572191826,0.06471630662565406,2.97315,-0.007050000000000001,2.9527,0.0002581204617918464,2.9739175299043015,2.969909805356169,2.901185774182383,3.0386338365299554,2.97315,2.9661,-0.004114110460243509,2.969803419444058
2025-06-11,-0.003037243117209894,0.035063281211115384,-0.07176127429099605,0.06568678805657627,2.96855,-0.020449999999999857,2.9488,-0.001885333747152083,2.9629585650216432,2.9599213219044334,2.891197290730647,3.0286453530782196,2.96855,2.9481,-0.003144929851513255,2.95981363517013
2025-06-12,-0.007341258159327948,0.069304965806977,-0.14317899114100285,0.12849647482234694,2.94955,-0.019750000000000156,2.9283,-0.0026028492711736863,2.9418827486107446,2.9345414904514167,2.7987037574697418,3.0703792234330916,2.94955,2.9297999999999997,-0.006921625328546479,2.934961123282198
2025-06-13,-0.013274459602868131,0.06992094998160919,-0.15031952156682216,0.12377060236108589,2.95805,-0.02124999999999977,2.9143,0.0,2.95805,2.944775540397132,2.807730478433178,3.081820602361086,2.95805,2.9368000000000003,-0.012639176175435966,2.945410823824564
2025-06-16,-0.015543570953165851,0.06992560253839844,-0.1525977519284268,0.1215106100220951,2.94895,-0.04375000000000018,2.9187,-0.0006822720967075987,2.946938699905401,2.9313951289522353,2.7943409479769743,3.0684493099274963,2.94895,2.9052,-0.015253131475392862,2.9316855684300083
2025-06-17,-0.027675321483212466,0.06992563726495081,-0.16472957052251605,0.1093789275560911,2.9546,-0.03025000000000011,2.9457,0.0028596079598753772,2.963061089612071,2.9353857681288584,2.7983315190895546,3.072440017168162,2.9546,2.92435,-0.026433102482430505,2.9366279871296403
2025-06-18,-0.02747201982525523,0.06992563752412569,-0.16452626937254158,0.10958222972203112,2.96205,-0.00890000000000013,2.9555,-8.6182671215006e-05,2.961794733618655,2.9343227137934,2.7972684642461134,3.071376963340686,2.96205,2.95315,-0.027368128090972756,2.9344266055276824
2025-06-19,-0.012358458600888994,0.06992563752605999,-0.14941270815196656,0.12469579095018857,2.96695,-0.006550000000000278,2.9571,-0.0003430814129872217,2.9659322691939822,2.953573810593093,2.8165195610420155,3.0906280601441707,2.96695,2.9604,-0.013859425549897369,2.952072843644085
2025-06-20,-0.0036501011931308214,0.06992563752607442,-0.1407043507442367,0.13340414835797504,2.9602,-0.009850000000000136,2.9482,0.0,2.9602,2.9565498988068692,2.8194956492557632,3.093604148357975,2.9602,2.95035,-0.004671033628807475,2.9555289663711926
2025-06-23,-0.0044025524587072455,0.06992563752607453,-0.1414568020098133,0.13265169709239882,2.96715,-0.01200000000000001,2.9221,-0.0027099525965259795,2.9591200494601,2.9547174970013925,2.8176632474502865,3.091771746552499,2.96715,2.95515,-0.004429400575717269,2.954690648884383
2025-06-24,-0.006975614097021987,0.06992563752607453,-0.14402986364812806,0.13007863545408407,2.94595,-0.045050000000000257,2.9242,-0.0014973320210949367,2.941542235499438,2.934566621402416,2.79751237185131,3.071620870953522,2.94595,2.9008999999999996,-0.006720992744891515,2.934821242754546
2025-06-25,-0.024928631422166777,0.06992563752607453,-0.16198288097327285,0.11212561812893929,2.94455,-0.021749999999999936,2.9029,-0.0013579632921673795,2.940554122929294,2.9156254915071274,2.778571241956021,3.0526797410582334,2.94455,2.9228,-0.023107867554439252,2.9174462553748546
2025-06-27,-0.025463493505876653,0.06992563752607453,-0.16251774305698272,0.11159075604522942,2.9227,-0.04165000000000019,2.9091,0.0,2.9227,2.897236506494123,2.760182256943017,3.0342907560452295,2.9227,2.8810499999999997,-0.025227930910732912,2.897472069089267
2025-06-30,-0.026732715251110067,0.06992563752607453,-0.16378696480221613,0.110321534299996,2.9238,-0.013599999999999834,2.8896,-0.0020443265563357947,2.9178289035296965,2.8910961882785866,2.75404193872748,3.0281504378296926,2.9238,2.9102,-0.02658223681707235,2.891246666712624
2025-07-01,-0.019829874285931807,0.06992563752607453,-0.15688412383703787,0.11722437526517426,2.9066,-0.034199999999999786,2.8993,-0.0005250555085807231,2.905074274239168,2.8852443999532364,2.7481901504021304,3.0222986495043425,2.9066,2.8724000000000003,-0.02050511053904586,2.8845691637001223
2025-07-02,-0.016688762178548727,0.06992563752607453,-0.1537430117296548,0.12036548737255734,2.9135,-0.007299999999999862,2.8932,0.0006553857266972331,2.9154100921699344,2.898721329991386,2.7616670804402794,3.035775579542492,2.9135,2.9062,-0.017070397014598438,2.898339695155336
2025-07-03,-0.012028815610469486,0.06992563752607453,-0.14908306516157555,0.1250254339406366,2.90945,-0.020299999999999763,2.889,0.0011045250171031844,2.912665335693481,2.9006365200830118,2.7635822705319057,3.0376907696341178,2.90945,2.8891500000000003,-0.012532973750882382,2.9001323619425987
2025-07-04,-0.00820191829618163,0.06992563752607453,-0.1452561678472877,0.12885233125492443,2.91225,-0.0204500000000003,2.9023,0.0,2.91225,2.9040480817038183,2.766993832152712,3.0411023312549244,2.91225,2.8917999999999995,-0.008635023841651705,2.903614976158348
2025-07-07,-0.011970489517041272,0.06992563752607453,-0.14902473906814734,0.1250837600340648,2.9205,-0.009949999999999903,2.9112,0.0018451677367507413,2.9258937870657897,2.9139232975487483,2.7768690479976423,3.0509775470998544,2.9205,2.91055,-0.011636942949502314,2.9142568441162875
2025-07-08,-0.008155218824176717,0.06992563752607453,-0.14520946837528279,0.12889903072692935,2.92105,-0.009300000000000086,2.9079,-0.00018106540994430225,2.920521146764241,2.912365927940064,2.775311678388958,3.0494201774911707,2.92105,2.91175,-0.008503391236709276,2.9120177555275317
2025-07-09,-0.0047371167474378195,0.06992563752607453,-0.14179136629854389,0.13231713280366825,2.924,-0.013149999999999995,2.9028,4.4020675119804904e-05,2.9241287192871845,2.9193916025397466,2.7823373529886406,3.0564458520908526,2.924,2.91085,-0.005113744196364964,2.9190149750908194
2025-07-10,-0.0062260216798693075,0.06992563752607453,-0.14328027123097536,0.13082822787123677,2.921,-0.021199999999999886,2.907,0.0005470476794557585,2.9225983634223303,2.916372341742461,2.779318092191355,3.053426591293567,2.921,2.8998,-0.006114793931518874,2.9164835694908113
2025-07-11,-0.011109969494519844,0.06992563752607453,-0.1481642190456259,0.12594428005658623,2.9261,-0.01399999999999979,2.892,0.0,2.9261,2.91499003050548,2.777935780954374,3.0520442800565863,2.9261,2.9121,-0.010610451938219747,2.91548954806178
2025-07-14,-0.011851330734150614,0.06992563752607453,-0.1489055802852567,0.12520291881695544,2.9274,-0.03410000000000002,2.9207,0.000546226899681759,2.928999461420786,2.9171481306866354,2.7800938811355294,3.054202380237742,2.9274,2.8933,-0.011727242854557528,2.9172722185662288
2025-07-15,-0.018946476494238865,0.06992563752607453,-0.15600072604534493,0.1181077730568672,2.9313,-0.006699999999999928,2.9168,0.002020012546294998,2.9372272473184418,2.918280770824203,2.781226521273097,3.055335020375309,2.9313,2.9246,-0.018224553130270733,2.919002694188171
2025-07-16,-0.013057734867273275,0.06992563752607453,-0.15011198441837934,0.1239965146838328,2.94155,-0.014499999999999957,2.9222,-0.0013510403859470954,2.9375785305646134,2.9245207956973402,2.7874665461462342,3.0615750452484463,2.94155,2.92705,-0.013574416693573019,2.92400411387104
2025-07-17,-0.006919481513790116,0.06992563752607453,-0.1439737310648962,0.13013476803731594,2.94715,-0.019349999999999756,2.9091,0.0012487642078466278,2.950832594302577,2.943913112788787,2.806858863237681,3.080967362339893,2.94715,2.9278000000000004,-0.007584975031768406,2.943247619270809
2025-07-18,-0.012559554029853117,0.06992563752607453,-0.1496138035809592,0.12449469552125295,2.9385,-0.03805000000000014,2.9093,0.0,2.9385,2.925940445970147,2.788886196419041,3.062994695521253,2.9385,2.9004499999999998,-0.012062096130044647,2.9264379038699553
2025-07-21,-0.02410162068820464,0.06992563752607453,-0.16115587023931072,0.11295262886290143,2.9339,-0.029199999999999893,2.9125,-0.002401643753120105,2.9268622718334028,2.902760651145198,2.765706401594092,3.039814900696304,2.9339,2.9047,-0.022897668232388643,2.9039646036010143
2025-07-22,-0.026605146025489974,0.06992563752607453,-0.16365939557659603,0.1104491035256161,2.9269,-0.021399999999999864,2.8969,-0.0016553646090337714,2.9220589213064616,2.8954537752809717,2.7583995257298657,3.0325080248320777,2.9269,2.9055,-0.026234398246179843,2.895824523060282
2025-07-23,-0.01916168108544834,0.06992563752607453,-0.1562159306365544,0.11789256846565772,2.9205,-0.029999999999999805,2.9056,-0.0006728330668664753,2.9185356519414865,2.899373970856038,2.762319721304932,3.036428220407144,2.9205,2.8905000000000003,-0.019868952801521487,2.898666699139965
2025-07-24,-0.019827589378032067,0.06992563752607453,-0.15688183892913812,0.117226660173074,2.9178,-0.014899999999999913,2.9031,0.0009552547995247914,2.9205885741414193,2.9007609847633873,2.7637067352122813,3.0378152343144933,2.9178,2.9029000000000003,-0.01983172572038101,2.900756848421038
2025-07-28,-0.015391129193156616,0.06992563752607453,-0.15244537874426267,0.12166312035794945,2.93655,-0.01470000000000038,2.9361,0.004174555015950255,2.9488344126704136,2.933443283477257,2.796389033926151,3.070497533028363,2.93655,2.9218499999999996,-0.015835188845879054,2.9329992238245346
2025-07-29,-0.009761346677832588,0.06992563752607453,-0.14681559622893867,0.12729290287327347,2.94915,-0.0004499999999998394,2.9298,0.0011032764640969807,2.952405523324999,2.9426441766471663,2.8055899270960603,3.0796984261982727,2.94915,2.9487,-0.010368730894637234,2.9420367924303616
2025-07-30,-0.0028626948544464566,0.06992563752607453,-0.13991694440555252,0.1341915546966596,2.95325,-0.019349999999999756,2.9549,0.004068232935921199,2.9652889810032477,2.9624262861488013,2.8253720365976953,3.0994805356999073,2.95325,2.9339000000000004,-0.003613298458465533,2.961675682544782
2025-07-31,-0.006835385981610969,0.06992563752607453,-0.14388963553271703,0.1302188635694951,2.97145,0.0016499999999997073,2.9484,0.0001238457437009828,2.971818024223767,2.964982638242156,2.82792838869105,3.102036887793262,2.97145,2.9730999999999996,-0.006513177229296426,2.9653048469944703
2025-08-01,-0.0035301143445245165,0.06992563752607453,-0.1405843638956306,0.13352413520658155,2.97685,-0.023050000000000015,2.9389,0.0,2.97685,2.9733198856554757,2.8362656361043697,3.1103741352065817,2.97685,2.9538,-0.003828420633001707,2.9730215793669985
2025-08-04,-0.00831385193448934,0.06992563752607453,-0.1453681014855954,0.12874039761661674,2.9472,-0.03795000000000037,2.943,3.8636893387179014e-05,2.9473138728520234,2.939000020917534,2.801945771366428,3.07605427046864,2.9472,2.9092499999999997,-0.007865308804340578,2.939448564047683
2025-08-05,-0.025444236406242014,0.06992563752607453,-0.1624984859573481,0.11161001314486405,2.95285,-0.0041999999999999815,2.8956,1.8975815324527253e-05,2.952906033267918,2.927461796861676,2.79040754731057,3.064516046412782,2.95285,2.94865,-0.023686343646051874,2.929219689621866
2025-08-06,-0.013655219913052642,0.06992563752607453,-0.1507094694641587,0.12339902963805342,2.94205,-0.057250000000000245,2.9086,-0.0023724041741917455,2.9350785411281723,2.9214233212151197,2.7843690716640137,3.0584775707662257,2.94205,2.8848,-0.014658332286352565,2.92042020884182
2025-08-07,-0.028279325256587322,0.06992563752607453,-0.1653335748076934,0.10877492429451874,2.9312,-0.0334500000000002,2.9133,-0.0006103758083436412,2.9294114123414317,2.9011320870848443,2.7640778375337383,3.0381863366359503,2.9312,2.89775,-0.026917225959563848,2.9024941863818676
2025-08-08,-0.036178369366997316,0.06992563752607453,-0.17323261891810338,0.10087588018410876,2.9341,-0.017900000000000027,2.8984,0.0,2.9341,2.8979216306330025,2.7608673810818964,3.034975880184109,2.9341,2.9162,-0.035252255026253974,2.8988477449737458
2025-08-11,-0.019040471575599523,0.06992563752607453,-0.15609472112670558,0.11801377797550655,2.9341,-0.03569999999999984,2.9189,0.0006393671389828787,2.9359765669661892,2.91693609539059,2.779881845839484,3.053990344941696,2.9341,2.8984,-0.020661649920664965,2.9153149170455244
2025-08-12,-0.022313107486974577,0.06992563752607453,-0.15936735703808064,0.1147411420641315,2.9388,-0.015200000000000102,2.9,-0.0018261556005839228,2.933438191159692,2.9111250836727174,2.7740708341216114,3.0481793332238234,2.9388,2.9236,-0.022147961730343616,2.911290229429348
2025-08-14,-0.018485795401778502,0.06992563752607453,-0.15554004495288457,0.11856845414932757,2.9212,-0.03880000000000017,2.9057,0.0016179433600095124,2.925930161678238,2.9074443662764597,2.7703901167253533,3.0444986158275658,2.9212,2.8823999999999996,-0.018852012034635015,2.907078149643603
2025-08-15,-0.018496238454032213,0.06992563752607453,-0.15555048800513827,0.11855801109707385,2.92145,-0.015499999999999847,2.8993,0.0,2.92145,2.9029537615459677,2.7658995119948617,3.0400080110970737,2.92145,2.9059500000000003,-0.018531815812092494,2.9029181841879077
2025-08-18,-0.015586887013904174,0.06992563752607453,-0.15264113656501024,0.12146736253720189,2.9231,-0.022149999999999892,2.9112,0.0010688030376996894,2.9262258883414085,2.9106390013275045,2.773584751776398,3.0476932508786105,2.9231,2.90095,-0.015881379893723006,2.9103445084476856
2025-08-19,-0.009236380546620437,0.03627464937406657,-0.0803346933197909,0.06186193222655003,2.9223,-0.0118999999999998,2.9186,0.00029607386384437607,2.9231653447489725,2.913928964202352,2.8428306514291815,2.9850272769755226,2.9223,2.9104,-0.009900880481330693,2.913264464267642
2025-08-20,-0.007885778601865536,0.03515073911635036,-0.07678122726991224,0.06100967006618116,2.9275,-0.0036999999999998145,2.9062,-1.8641901615861154e-05,2.9274454263417,2.9195596477398342,2.8506641990717876,2.988455096407881,2.9275,2.9238000000000004,-0.00808728878981205,2.9193581375518876
2025-08-21,-0.0031288161378401113,0.03506979732192456,-0.07186561888881225,0.06560798661313204,2.9267,-0.021300000000000097,2.9216,0.0015480987028333392,2.9312343293627,2.92810551322486,2.859368710473888,2.996842315975832,2.9267,2.9053999999999998,-0.0036246634030373047,2.927609665959663
2025-08-22,-0.005490193917849926,0.03506376780929394,-0.07421517882406604,0.0632347909883662,2.9363,-0.00509999999999966,2.9011,0.0,2.9363,2.9308098060821504,2.862084821175934,2.9995347909883665,2.9363,2.9312000000000005,-0.005303640866368664,2.9309963591336317
2025-08-25,-0.005936021222957409,0.03506331755459325,-0.07466012362996019,0.06278808118404536,2.9203,-0.03520000000000012,2.919,0.002751308955752384,2.928345710585978,2.9224096893630205,2.8536855869560176,2.9911337917700234,2.9203,2.8851,-0.005872783187298535,2.922472927398679
2025-08-26,-0.006140093718927177,0.03506328392560394,-0.0748641302131109,0.06258394277525654,2.92605,-0.0013000000000000789,2.9164,-0.0007624548648500958,2.9238198692377684,2.9176797755188413,2.8489557390246576,2.986403812013025,2.92605,2.92475,-0.006113362665764312,2.9177065065720043
2025-08-27,-0.007155151895005667,0.035063281413860295,-0.07587918346617184,0.06156887967616051,2.9371,-0.009650000000000158,2.9148,4.801917541969727e-05,2.937241040506423,2.9300858886114174,2.861361857040251,2.9988099201825835,2.9371,2.92745,-0.0070509729720815316,2.9301900675343413
2025-08-28,-0.00163297269158164,0.03506328122625838,-0.07035700389504806,0.0670910585118848,2.92215,-0.022299999999999986,2.9119,-0.0012025339099244283,2.918638127531186,2.9170051548396043,2.848281123636138,2.985729186043071,2.92215,2.89985,-0.0021747727196316283,2.9164633548115546
2025-08-29,-0.00454871262901107,0.03506328121224642,-0.07327274380501406,0.0641753185469919,2.9233,-0.010249999999999648,2.9087,0.0,2.9233,2.9187512873709887,2.8500272561949855,2.9874753185469918,2.9233,2.91305,-0.004311318638073126,2.9189886813619266
2025-09-01,-0.005574084541873043,0.035063281211199865,-0.07429811571582477,0.0631499466320787,2.91535,-0.014599999999999724,2.9181,-0.0007339304176838262,2.9132111209470137,2.9076370364051405,2.838913005231189,2.9763610675790924,2.91535,2.9007500000000004,-0.005447807951493051,2.9077633129955207
2025-09-02,-0.003795196261220397,0.03506328121112169,-0.0725192274350189,0.06492883491257812,2.9295,0.002749999999999808,2.9222,0.0025186393847637187,2.9368876535899866,2.9330924573287662,2.8643684261549676,3.001816488502565,2.9295,2.93225,-0.003960457430247663,2.932927196159739
2025-09-03,-0.002757290662672387,0.035063281211115856,-0.07148132183645946,0.06596674051111469,2.9245,-0.007299999999999862,2.9159,-0.0006804208241028762,2.922510786127928,2.9197534954652555,2.8510294642914684,2.9884775266390426,2.9245,2.9172000000000002,-0.002877607339429914,2.919633178788498
2025-09-05,-0.0006105529470352422,0.03506328121111542,-0.06933458412082145,0.06811347822675097,2.9106,-0.008599999999999941,2.9089,0.0,2.9106,2.909989447052965,2.8412654158791786,2.978713478226751,2.9106,2.902,-0.0008372583862747091,2.9097627416137253
2025-09-08,-0.002609744943473158,0.035063281211115384,-0.07133377611725931,0.066114286230313,2.91035,-0.0017000000000000348,2.9064,-0.0013612238713322953,2.90639105722108,2.903781312277607,2.8350572811038206,2.972505343451393,2.91035,2.90865,-0.002432496287753313,2.9039585609333267
2025-09-09,-0.002118408100146201,0.035063281211115384,-0.07084243927393236,0.06660562307363996,2.9118,-0.00395000000000012,2.9152,0.0013415517516690754,2.9157089518348354,2.913590543734689,2.844866512560903,2.982314574908475,2.9118,2.90785,-0.002149816918906912,2.9135591349159284
2025-09-10,-0.0010792281754887386,0.035063281211115384,-0.0698032593492749,0.06764480299829742,2.9142,0.0034000000000000696,2.9171,0.00032512412515321265,2.9151476307659863,2.9140684025904977,2.8453443714167115,2.9827924337642835,2.9142,2.9176,-0.0011862870498305558,2.9139613437161556
2025-09-11,-0.0007160217082560373,0.035063281211115384,-0.06944005288204219,0.06800800946553012,2.9114,0.0028999999999999027,2.9118,-0.001191793352375611,2.9079322796473797,2.9072162579391234,2.8384922267653376,2.9759402891129096,2.9114,2.9143,-0.0007630482424134891,2.907169231404966
2025-09-12,0.0005920768647115106,0.035063281211115384,-0.06813195430907465,0.06931610803849766,2.9144,0.00039999999999995595,2.9106,0.0,2.9144,2.9149920768647117,2.8462680456909255,2.983716108038498,2.9144,2.9148,0.0004565643539990108,2.914856564353999
2025-09-15,0.00023417419039986498,0.035063281211115384,-0.06848985698338629,0.06895820536418602,2.9085,-0.0038000000000000256,2.8982,-0.0009506431725846022,2.9057363681545403,2.90597054234494,2.837246511171154,2.9746945735187262,2.9085,2.9047,0.00025641320675977953,2.9059927813613
2025-09-16,-0.0006744189678429302,0.035063281211115384,-0.06939845014162908,0.06804961220594323,2.8962,-0.010299999999999976,2.8953,-0.002789632841832823,2.888131924080443,2.8874575051125997,2.818733473938814,2.956181536286386,2.8962,2.8859,-0.0005813357503826594,2.8875505883300603
2025-09-17,-0.0021419331642888433,0.035063281211115384,-0.070865964338075,0.06658209800949731,2.8928,-0.0008999999999996788,2.8973,0.0014285660422350315,2.8969355090675757,2.894793575903287,2.8260695447295006,2.963517607077073,2.8928,2.8919,-0.001985873422898225,2.8949496356446773
2025-09-18,-0.00234832971753607,0.035063281211115384,-0.07107236089132223,0.06637570145625009,2.9094,0.0045000000000001705,2.9099,0.0011383513718747624,2.9127138052608674,2.9103654755433315,2.8416414443695452,2.9790895067171177,2.9094,2.9139000000000004,-0.002312084088072286,2.910401721172795
2025-09-19,-3.449599634672331e-05,0.035063281211115384,-0.06875852717013288,0.06868953517743943,2.9101,0.0004999999999997229,2.9103,0.0,2.9101,2.9100655040036534,2.841341472829867,2.978789535177439,2.9101,2.9105999999999996,-0.0002622548055192793,2.909837745194481
2025-09-22,0.0005411314999371828,0.035063281211115384,-0.06818289967384897,0.06926516267372335,2.908,0.00019999999999997797,2.903,-0.001595863916687452,2.903362928781725,2.903904060281662,2.835180029107876,2.9726280914554484,2.908,2.9082,0.00046079286939153675,2.9038237216511162
2025-09-23,-0.00023152357522126813,0.035063281211115384,-0.06895555474900743,0.06849250759856489,2.9033,-0.004999999999999893,2.9044,-0.0003422519630199215,2.902306509897431,2.90207498632221,2.8333509551484237,2.970799017495996,2.9033,2.8983000000000003,-0.00016229193075998773,2.902144217966671
2025-09-24,-0.0008387842996373913,0.035063281211115384,-0.06956281547342355,0.06788524687414876,2.9147,0.0010999999999996568,2.9157,0.002361910628301849,2.9215923973173776,2.92075361301774,2.8520295818439543,2.9894776441915263,2.9147,2.9157999999999995,-0.000771135062749651,2.920821262254628
2025-09-25,-0.0011545891293483095,0.035063281211115384,-0.06987862030313446,0.06756944204443785,2.9241,0.001000000000000334,2.9237,0.0023836534667728585,2.931078354787845,2.9299237656584967,2.861199734484711,2.998647796832283,2.9241,2.9251000000000005,-0.0011162437226884439,2.929962111065157
2025-09-26,-3.550295159828638e-05,0.035063281211115384,-0.06875953412538445,0.06868852822218786,2.9227,-0.00039999999999995595,2.9141,0.0,2.9227,2.9226644970484017,2.8539404658746155,2.991388528222188,2.9227,2.9223,-0.00014357702870730198,2.9225564229712924
2025-09-29,-0.00020257105640603324,0.035063281211115384,-0.06892660223019219,0.06852146011738013,2.9134,-0.008599999999999941,2.9118,-0.0009986713447213609,2.9104919232524433,2.9102893521960373,2.841565321022251,2.9790133833698236,2.9134,2.9048000000000003,-0.00019667165363616013,2.910295251598807
2025-09-30,-0.0013318750030535962,0.035063281211115384,-0.07005590617683975,0.06739215617073256,2.9128,-0.0016000000000002679,2.9127,-0.0004092867701099419,2.91160807343255,2.9102761984294965,2.8415521672557102,2.9790002296032827,2.9128,2.9111999999999996,-0.0012183546681118526,2.910389718764438
2025-10-01,-0.0021077911807700768,0.035063281211115384,-0.07083182235455623,0.06661623999301608,2.9095,-9.999999999976694e-05,2.9112,-0.0001719314193077591,2.90899980853607,2.9068920173553003,2.838167986181514,2.975616048529086,2.9095,2.9094,-0.0020188475295042545,2.9069809610065658
2025-10-02,-0.000652182994894973,0.035063281211115384,-0.06937621416868113,0.06807184817889118,2.9161,0.0017000000000000348,2.9146,0.000593844470496686,2.917832224145375,2.91718004115048,2.848456009976694,2.9859040723242662,2.9161,2.9178,-0.0007888494483559009,2.917043374697019
2025-10-03,-0.0001832151020957128,0.035063281211115384,-0.06890724627588186,0.06854081607169045,2.91255,-0.0015000000000000568,2.9233,0.0,2.91255,2.9123667848979045,2.8436427537241182,2.9810908160716902,2.91255,2.91105,-0.00024377853672173154,2.9123062214632784
2025-10-06,-0.0001886172308211554,0.035063281211115384,-0.06891264840460731,0.068535413942965,2.92165,0.010749999999999815,2.9278,0.0005964032016414246,2.923393001128137,2.923204383897316,2.8544803527235296,2.991928415071102,2.92165,2.9324,-0.000194133361411213,2.9231988677667258
2025-10-07,0.0005194803851504746,0.035063281211115384,-0.06820455078863569,0.06924351155893663,2.9297,0.006149999999999878,2.9393,0.0019604004384014273,2.935449018512386,2.9359684988975365,2.8672444677237503,3.0046925300713228,2.9297,2.93585,0.0004481190104943059,2.9358971375228804
2025-10-08,0.0023004959046876924,0.035063281211115384,-0.06642353526909847,0.07102452707847384,2.9357,0.009599999999999831,2.9392,0.0009406260843066259,2.9384626951235497,2.9407631910282372,2.8720391598544515,3.0094872222020235,2.9357,2.9453,0.002115258215268354,2.940577953338818
2025-10-09,0.0018132799901038347,0.035063281211115384,-0.06691075118368232,0.07053731116388999,2.9421,0.0034999999999998366,2.9474,0.0019765818399886262,2.9479210524295136,2.9497343324196175,2.8810103012458312,3.0184583635934037,2.9421,2.9455999999999998,0.0018434778126202866,2.949764530242134
2025-10-10,0.0018045399122961787,0.035063281211115384,-0.06691949126148998,0.07052857108608233,2.9465,0.005300000000000082,2.9485,0.0,2.9465,2.948304539912296,2.87958050873851,3.0170285710860822,2.9465,2.9518,0.0018084337023285895,2.9483084337023286
2025-10-13,0.000865509768627004,0.035063281211115384,-0.06785852140515915,0.06958954094241317,2.945,0.002000000000000224,2.9509,0.0013451332110270982,2.9489640828184878,2.9498295925871147,2.8811055614133285,3.018553623760901,2.945,2.947,0.0009598021619971625,2.949923884980485
2025-10-14,0.0008488116457453688,0.035063281211115384,-0.06787521952804079,0.06957284281953152,2.94515,0.005900000000000016,2.9329,-0.0008571185218838172,2.9426267389066596,2.943475550552405,2.8747515193786186,3.012199581726191,2.94515,2.95105,0.0008599106973705481,2.94348664960403
2025-10-16,0.0006512939709869441,0.035063281211115384,-0.06807273720279922,0.0693753251447731,2.9291,-0.012249999999999872,2.9237,-0.001205756626945564,2.925570346643109,2.926221640614096,2.8574976094403097,2.994945671787882,2.9291,2.91685,0.0006721556436253044,2.926242502286734
2025-10-17,-0.0005523959752038708,0.035063281211115384,-0.06927642714899003,0.06817163519858228,2.92885,-0.005399999999999849,2.9309,0.0,2.92885,2.928297604024796,2.8595735728510103,2.9970216351985823,2.92885,2.9234500000000003,-0.0004299408133209534,2.928420059186679
2025-10-20,-0.003186980696780288,0.035063281211115384,-0.07191101187056645,0.06553705047700586,2.9306,0.002049999999999663,2.9348,0.0005309506917790753,2.932156417251172,2.9289694365543917,2.8602454053806055,2.997693467728178,2.9306,2.9326499999999998,-0.002911276708434355,2.9292451405427373
2025-10-21,-0.0011277773139288549,0.035063281211115384,-0.06985180848771501,0.0675962538598573,2.93825,0.0041999999999999815,2.9399,0.001385841382943754,2.9423247712846186,2.94119699397069,2.8724729627969037,3.0099210251444757,2.93825,2.94245,-0.0013061272533794045,2.941018644031239
2025-10-22,0.000480038898802362,0.035063281211115384,-0.06824399227498379,0.06920407007258852,2.94135,0.0016500000000001513,2.9368,-0.00016655046483832984,2.9408601575831215,2.941340196481924,2.8726161653081377,3.01006422765571,2.94135,2.943,0.00030142228358418557,2.9411615798667055
2025-10-23,0.0006075509079384449,0.035063281211115384,-0.06811648026584771,0.0693315820817246,2.9402,-0.004550000000000054,2.938,3.7467505988978404e-05,2.9403101640248814,2.94091771493282,2.8721936837590336,3.009641746106606,2.9402,2.93565,0.0005769380455030189,2.9408871020703846
2025-10-24,-0.0005225200065294276,0.035063281211115384,-0.06924655118031559,0.06820151116725673,2.9378,-0.0021999999999997577,2.9368,0.0,2.9378,2.9372774799934707,2.8685534488196844,3.006001511167257,2.9378,2.9356000000000004,-0.00041257420132618307,2.937387425798674
2025-10-27,-0.00142140923529193,0.035063281211115384,-0.07014544040907808,0.06730262193849423,2.93695,-0.001000000000000334,2.9318,-0.0006691319744738154,2.934985450192415,2.933564040957123,2.864840009783337,3.0022880721309093,2.93695,2.9359499999999996,-0.0013205257318953554,2.9336649244605195
2025-10-28,-0.0008588815008521791,0.035063281211115384,-0.06958291267463834,0.06786514967293397,2.93665,-0.005149999999999988,2.9359,6.227166873407154e-05,2.9368328757899196,2.9359739942890672,2.867249963115281,3.0046980254628535,2.93665,2.9315,-0.0009050459239564966,2.935927829865963
2025-10-29,-0.001076944348814592,0.035063281211115384,-0.06980097552260076,0.06764708682497156,2.93715,-0.0007500000000000284,2.9404,0.0016620956504194947,2.942035883517705,2.9409589391688904,2.872234907995104,3.0096829703426766,2.93715,2.9364,-0.0010597545063287825,2.9409761290113763
2025-10-30,-0.0013786312645753833,0.035063281211115384,-0.07010266243836154,0.06734539990921078,2.9496,0.003249999999999975,2.9507,0.0012780083316257553,2.9533720232000964,2.951993391935521,2.883269360761735,3.020717423109307,2.9496,2.95285,-0.0013467435887507232,2.9520252796113455
2025-10-31,-0.00013935474842579127,0.035063281211115384,-0.06886338592221194,0.06858467642536037,2.9564,0.0010999999999996568,2.954,0.0,2.9564,2.9562606452515743,2.887536614077788,3.02498467642536,2.9564,2.9574999999999996,-0.0002600936324582843,2.9561399063675418
2025-11-03,0.0003732601103282875,0.035063281211115384,-0.06835077106345787,0.06909729128411445,2.9607,-0.0023999999999997357,2.9561,0.00037248066492340194,2.9618030089166334,2.9621762690269615,2.8934522378531757,3.0309003002007477,2.9607,2.9583000000000004,0.0003099247360496304,2.962112933652683
2025-11-04,-0.0003962702107456281,0.035063281211115384,-0.06912030138453179,0.06832776096304052,2.96305,-0.0045999999999999375,2.9626,0.0013811428356609243,2.967145222671943,2.9667489524611974,2.898024921287411,3.0354729836349836,2.96305,2.95845,-0.00032565071606610233,2.966819571955877
2025-11-05,-0.0012778702530928043,0.035063281211115384,-0.07000190142687897,0.06744616092069335,2.9673,-0.0004499999999998394,2.9583,-0.00023857374169192338,2.9665921645751077,2.965314294322015,2.8965902631482288,3.034038325495801,2.9673,2.96685,-0.0011826482993901341,2.9654095162757175
2025-11-06,-0.0012449878361579755,0.035063281211115384,-0.06996901900994414,0.06747904333762818,2.95575,-0.008999999999999897,2.9524,-0.0019457043694768603,2.950004575571196,2.948759587735038,2.8800355565612517,3.017483618908824,2.95575,2.94675,-0.0012387538824811912,2.9487658216887147
2025-11-07,-0.001383572727284392,0.035063281211115384,-0.07010760390107054,0.06734045844650177,2.9505,-0.003350000000000186,2.9463,0.0,2.9505,2.9491164272727155,2.8803923960989293,3.0178404584465017,2.9505,2.9471499999999997,-0.001369090842804072,2.949130909157196
2025-11-10,-0.002367554159479728,0.035063281211115384,-0.07109158533326589,0.06635647701430643,2.95025,-0.0041999999999999815,2.9498,0.00023397670008181283,2.950940370521575,2.9485728163620952,2.879848785188309,3.0172968475358815,2.95025,2.94605,-0.0022677078278121625,2.9486726626937627
2025-11-11,-0.0014113675115730907,0.035063281211115384,-0.07013539868535924,0.06731266366221307,2.94645,-0.0004499999999998394,2.9469,-0.00042792705305770996,2.9451894040753044,2.943778036563731,2.875054005389945,3.0125020677375174,2.94645,2.946,-0.0014970015431969978,2.943692402532107
2025-11-12,-0.0011708961201037915,0.035063281211115384,-0.06989492729388995,0.06755313505368236,2.9535,0.0004499999999998394,2.9429,-4.9247211844098495e-05,2.9533545519413034,2.9521836558212,2.8834596246474136,3.0209076869949856,2.9535,2.95395,-0.0012035066624131122,2.95215104527889
2025-11-13,-0.0003808935275518483,0.035063281211115384,-0.069104924701338,0.06834313764623431,2.94395,-0.010600000000000165,2.9397,-0.001438415731318127,2.9397184201229267,2.939337526595375,2.8706134954215887,3.008061557769161,2.94395,2.93335,-0.0004631548410379746,2.9392552652818886
2025-11-14,-0.0013866557256378028,0.035063281211115384,-0.07011068689942396,0.06733737544814836,2.9418,-0.004249999999999865,2.9431,0.0,2.9418,2.9404133442743623,2.871689313100576,3.0091373754481485,2.9418,2.9375500000000003,-0.00129430563717782,2.9405056943628223
2025-11-17,-0.0027593648584556805,0.035063281211115384,-0.07148339603224184,0.06596466631533048,2.94775,0.0012999999999996348,2.947,0.0007233317640903395,2.949882972537993,2.9471236076795373,2.878399576505751,3.0158476388533235,2.94775,2.9490499999999997,-0.0026128589363278946,2.947270113601665
2025-11-18,-0.0009944695505885285,0.035063281211115384,-0.06971850072437469,0.06772956162319763,2.9478,-0.0007500000000000284,2.9493,0.0003843039139237974,2.9489330687849034,2.947938599234315,2.8792145680605286,3.016662630408101,2.9478,2.94705,-0.0011563084891624649,2.9477767602957408
2025-11-19,-0.00018403806058411704,0.035063281211115384,-0.06890806923437028,0.06853999311320204,2.95285,0.0015000000000000568,2.9611,0.0017715394692261284,2.95808572660057,2.957901688539986,2.8891776573662,3.0266257197137723,2.95285,2.9543500000000003,-0.00028126510344195167,2.957804461497128
2025-11-20,-0.00032466128231486437,0.035063281211115384,-0.06904869245610103,0.06839936989147129,2.96045,0.008249999999999869,2.9575,0.0001655517736629076,2.9609401483196827,2.960615487037368,2.8918914558635818,3.0293395182111538,2.96045,2.9686999999999997,-0.0003203216644275731,2.9606198266552552
2025-11-21,0.0008079047942844362,0.035063281211115384,-0.06791612637950172,0.0695319359680706,2.96155,-0.002949999999999786,2.9613,0.0,2.96155,2.9623579047942843,2.893633873620498,3.0310819359680705,2.96155,2.9586,0.0006950821484132354,2.962245082148413
2025-11-24,0.0008695716249224153,0.035063281211115384,-0.06785445954886374,0.06959360279870858,2.95915,-0.00024999999999986144,2.9574,-0.00019349633367691474,2.958577470717145,2.959447042342067,2.890723011168281,3.0281710735158534,2.95915,2.9589000000000003,0.0008521226772714974,2.9594295933944164
2025-11-25,-0.0009181995483807913,0.035063281211115384,-0.06964223072216695,0.06780583162540536,2.9547,-0.0017500000000003624,2.9492,-0.0016085319178126784,2.949951091152101,2.94903289160372,2.880308860429934,3.0177569227775063,2.9547,2.9529499999999995,-0.0007411673258155627,2.9492099238262854
2025-11-26,-0.0005773203825781477,0.035063281211115384,-0.0693013515563643,0.06814671079120802,2.95555,-0.00550000000000006,2.9466,-0.0009065093310776617,2.9528719803548227,2.9522946599722446,2.8835706287984584,3.021018691146031,2.95555,2.95005,-0.0005937050769018893,2.9522782752779206
2025-11-27,-0.0012529794148273513,0.035063281211115384,-0.06997701058861351,0.0674710517589588,2.9479,-0.008950000000000014,2.9494,-2.087176525440181e-05,2.9478384727653,2.9465854933504727,2.8778614621766865,3.015309524524259,2.9479,2.93895,-0.0011870519810348052,2.9466514207842653
2025-11-28,-0.0023135374352128875,0.035063281211115384,-0.07103756860899904,0.06641049373857327,2.9501,0.0014999999999996128,2.9414,0.0,2.9501,2.947786462564787,2.879062431391001,3.0165104937385734,2.9501,2.9515999999999996,-0.0022008888897950794,2.947899111110205
2025-12-01,-0.00184368603008308,0.035063281211115384,-0.07056771720386924,0.06688034514370307,2.9402,-0.008700000000000152,2.9444,-0.0003502706458249267,2.9391703145919594,2.9373266285618764,2.86860259738809,3.0060506597356627,2.9402,2.9314999999999998,-0.0018794063160542799,2.937290908275905
2025-12-02,-0.0009906068640967555,0.035063281211115384,-0.06971463803788291,0.0677334243096894,2.94475,0.0041999999999999815,2.9384,-0.00030764704664577907,2.943844195700543,2.942853588836446,2.87412955766266,3.011577620010232,2.94475,2.94895,-0.0010794868092925077,2.94276470889125
2025-12-03,-0.001510935108565026,0.035063281211115384,-0.07023496628235118,0.06721309606522113,2.9364,-0.006349999999999856,2.9323,-0.001824442146934575,2.9310475921436456,2.9295366570350807,2.8608126258612945,2.998260688208867,2.9364,2.93005,-0.0014677902786377742,2.9295798018650077
2025-12-04,-0.0002412470232166651,0.035063281211115384,-0.06896527819700282,0.06848278415056949,2.9339,-0.0040999999999997705,2.9316,0.0006809145533173444,2.9358984155058656,2.935657168482649,2.866933137308863,3.004381199656435,2.9339,2.9298,-0.00036390134875877584,2.9355345141571068
2025-12-05,-0.001956355265820049,0.035063281211115384,-0.07068038643960621,0.0667676759079661,2.93625,-0.0022999999999999687,2.9332,0.0,2.93625,2.9342936447341796,2.8655696135603934,3.003017675907966,2.93625,2.93395,-0.001797109874113922,2.9344528901258857
2025-12-08,-0.0013486860390915646,0.035063281211115384,-0.07007271721287772,0.06737534513469459,2.938,-0.003049999999999997,2.9348,0.0002480237779343776,2.9387287842337453,2.937380098194654,2.8686560670208676,3.00610412936844,2.938,2.93495,-0.0013935284225938004,2.9373352558111514
2025-12-09,-0.0010949011952777125,0.035063281211115384,-0.06981893236906386,0.06762912997850845,2.9408,-0.0032000000000000917,2.9345,0.00048713129607813534,2.9422329046935314,2.9411380034982537,2.8724139723244675,3.00986203467204,2.9408,2.9375999999999998,-0.001124763918009321,2.941108140775522
2025-12-10,-0.0012496942397080752,0.035063281211115384,-0.06997372541349423,0.06747433693407809,2.9413,-0.006299999999999972,2.9247,-0.0021008278582952174,2.93512732115848,2.933877626918772,2.8651535957449856,3.002601658092558,2.9413,2.935,-0.0012372012075381998,2.9338901199509415
2025-12-11,-0.0016063889207606962,0.035063281211115384,-0.07033042009454685,0.06711764225302547,2.9223,-0.016599999999999948,2.919,-0.001144767145866598,2.9189565610642867,2.917350172143526,2.8486261409697398,2.986074203317312,2.9223,2.9057,-0.0015694701494384468,2.9173870909148483
2025-12-12,-0.003273436410237954,0.035063281211115384,-0.07199746758402412,0.0654505947635482,2.926,-0.0032999999999998586,2.9174,0.0,2.926,2.9227265635897623,2.854002532415976,2.991450594763548,2.926,2.9227000000000003,-0.0031030397841580034,2.922896960215842
2025-12-15,-0.0037698066718847064,0.035063281211115384,-0.07249383784567086,0.06495422450190146,2.9219,-0.008599999999999941,2.9122,-0.0005595363817531238,2.9202655479564896,2.916495741284605,2.847771710110819,2.985219772458391,2.9219,2.9133,-0.003703129983112036,2.9165624179733776
2025-12-16,-0.0018691091267997013,0.035063281211115384,-0.07059314030058586,0.06685492204698645,2.9185,-0.009700000000000042,2.9123,-0.0002022435787224042,2.9179098117983973,2.9160407026715975,2.8473166714978113,2.9847647338453838,2.9185,2.9088,-0.0020525112124309347,2.9158573005859663
2025-12-18,-0.002969229766207551,0.035063281211115384,-0.0716932609399937,0.06575480140757861,2.9207,-0.006199999999999761,2.9147,0.00041360923592731686,2.9219082783556916,2.918939048589484,2.8502150174156977,2.98766307976327,2.9207,2.9145000000000003,-0.0028775579108298896,2.919030720444862
2025-12-19,-0.002804734191795224,0.035063281211115384,-0.07152876536558138,0.06591929698199094,2.92685,-0.006000000000000227,2.9102,0.0,2.92685,2.924045265808205,2.8553212346344186,2.992769296981991,2.92685,2.9208499999999997,-0.0028120165636986902,2.924037983436301
2025-12-22,-0.0021389124651287044,0.035063281211115384,-0.07086294363891486,0.06658511870865745,2.9208,-0.01664999999999983,2.9053,-0.0017070489318392248,2.9158183046884423,2.9136793922233135,2.8449553610495273,2.9824034233970997,2.9208,2.90415,-0.0022062228749857027,2.9136120818134565
2025-12-23,-0.003538671983220058,0.035063281211115384,-0.07226270315700621,0.0651853591905661,2.9126,-0.015499999999999847,2.8865,-0.001181928099889097,2.90915954979916,2.90562087781594,2.8368968466421536,2.974344908989726,2.9126,2.8971,-0.0034054270723966225,2.9057541227267634
2025-12-24,-0.006130887694522013,0.035063281211115384,-0.07485491886830817,0.06259314347926415,2.9103,-0.026100000000000012,2.9035,0.00012750057279357346,2.910671088573501,2.904540200878979,2.835816169705193,2.9732642320527654,2.9103,2.8842,-0.005858341632309474,2.9048127469411917
2025-12-25,-0.007943288344113869,0.035063281211115384,-0.07666731951790003,0.06078074282967229,2.9081,-0.006799999999999695,2.8883,5.759000468632839e-05,2.908267482315236,2.900324193971122,2.831600162797336,2.9690482251449084,2.9081,2.9013000000000004,-0.00773479367293343,2.900532688642303
2025-12-26,-0.007278078171415377,0.035063281211115384,-0.07600210934520153,0.06144595300237078,2.9064,-0.01980000000000004,2.8928,0.0,2.9064,2.8991219218285846,2.8303978906547984,2.967845953002371,2.9064,2.8866,-0.007323749721567183,2.899076250278433
2025-12-29,-0.00631149208296734,0.035063281211115384,-0.0750355232567535,0.062412539090818814,2.9093,-0.013600000000000279,2.8804,-0.0002795197997189033,2.908486906689811,2.9021754146068437,2.8334513834330575,2.97089944578063,2.9093,2.8956999999999997,-0.006412717846827324,2.9020741888429837
2025-12-30,-0.010449085102418725,0.069304965806977,-0.14628681808409363,0.12538864787925616,2.9105,-0.028900000000000148,2.9009,0.0007649033593575508,2.912727102878061,2.902278017775642,2.7664402847939673,3.038115750757317,2.9105,2.8815999999999997,-0.010045448376859585,2.9026816545012015
2025-12-31,-0.015420852219413023,0.06992094998160919,-0.15246591418336705,0.121624209744541,2.9141,-0.009599999999999831,2.8776,0.00014319626519572026,2.9145173181148913,2.8990964658954783,2.7620514039315243,3.0361415278594324,2.9141,2.9045,-0.014883311835157679,2.8996340062797334
2026-01-02,-0.012997183048074458,0.06992560253839844,-0.1500513640233354,0.1240569979271865,2.9178,-0.036499999999999755,2.8842,0.0,2.9178,2.9048028169519258,2.7677486359766648,3.041856997927187,2.9178,2.8813000000000004,-0.01318579592678278,2.9046142040732175
2026-01-05,-0.019582175121233628,0.06992563726495081,-0.1566364241605372,0.11747207391806995,2.9242,-0.033600000000000296,2.8791,-0.0005115269624029542,2.92270457536416,2.903122400242926,2.7660681512036227,3.04017664928223,2.9242,2.8905999999999996,-0.018942537201788543,2.9037620381623714
2026-01-06,-0.028344384181358383,0.06992563752412569,-0.16539863372864472,0.10870986536592796,2.9167,-0.045099999999999696,2.8875,0.0010687978668389474,2.919819029247199,2.8914746450658404,2.754420395518554,3.028528894613127,2.9167,2.8716000000000004,-0.027404199483401403,2.8924148297637973
2026-01-07,-0.033199447592618926,0.06992563752605999,-0.17025369714369648,0.10385480195845864,2.9203,-0.029199999999999893,2.8968,0.0005324138133487377,2.9218552220332317,2.888655774440613,2.7516015248895354,3.0257100239916905,2.9203,2.8911000000000002,-0.032619922781697175,2.8892352992515344
2026-01-08,-0.0293435423374446,0.06992563752607442,-0.16639779188855047,0.10771070721366127,2.9256,-0.0235000000000003,2.8913,0.00048263512428289276,2.927012338114177,2.8976687957767324,2.7606145462256264,3.0347230453278384,2.9256,2.9021,-0.02967118038186986,2.897341157732307
2026-01-09,-0.020322136019244888,0.06992563752607453,-0.15737638557035094,0.11673211353186118,2.92665,-0.0343,2.8951,0.0,2.92665,2.906327863980755,2.769273614429649,3.043382113531861,2.92665,2.89235,-0.021257040455507383,2.9053929595444927
2026-01-12,-0.023744810547040033,0.06992563752607453,-0.1607990600981461,0.11330943900406604,2.9203,-0.03155000000000019,2.9064,-0.0012226595146631958,2.9167316493028212,2.8929868387557813,2.7559325892046753,3.0300410883068873,2.9203,2.88875,-0.02349603353788677,2.8932356157649344
2026-01-13,-0.026396828379583518,0.06992563752607453,-0.16345107793068958,0.11065742117152255,2.9251,-0.013900000000000023,2.8997,0.0009058313258244393,2.9277508476403273,2.9013540192607437,2.7642997697096376,3.0384082688118497,2.9251,2.9112,-0.026106748895413843,2.9016440987449137
2026-01-14,-0.016217232475634818,0.06992563752607453,-0.15327148202674087,0.12083701707547125,2.927,-0.025399999999999867,2.9077,-0.00011076429997720494,2.9266758108485904,2.9104585783729555,2.7734043288218495,3.0475128279240615,2.927,2.9016,-0.017206184117612718,2.909469626730978
2026-01-15,-0.01541752223855623,0.06992563752607453,-0.15247177178966229,0.12163672731254983,2.93475,-0.019299999999999873,2.9167,0.0011344715864949524,2.938081279752292,2.9226637575137357,2.7856095079626297,3.0597180070648418,2.93475,2.9154500000000003,-0.015596388426461879,2.92248489132583
2026-01-16,-0.016631212011628406,0.06992563752607453,-0.15368546156273447,0.12042303753947767,2.9317,-0.01805000000000012,2.9158,0.0,2.9317,2.9150687879883717,2.7780145384372656,3.0521230375394777,2.9317,2.91365,-0.016527729653111754,2.9151722703468885
2026-01-19,-0.01366627992522224,0.06992563752607453,-0.1507205294763283,0.12338796962588383,2.92905,-0.015900000000000247,2.9072,-0.0015875574529383694,2.924403653988954,2.9107373740637317,2.7736831245126257,3.0477916236148377,2.92905,2.91315,-0.013952424898011191,2.910451229090943
2026-01-20,-0.01209828947386629,0.06992563752607453,-0.14915253902497236,0.12495596007723977,2.91195,-0.021850000000000147,2.8883,-0.0019418120099674605,2.906301026914483,2.894202737440617,2.757148487889511,3.031256986991723,2.91195,2.8901,-0.01228370301628078,2.8940173238982023
2026-01-21,-0.01436901672218018,0.06992563752607453,-0.15142326627328626,0.12268523282892589,2.9134,-0.02364999999999995,2.8942,0.0009658145976646525,2.916215163493003,2.9018461467708225,2.7647918972197165,3.038900396321929,2.9134,2.8897500000000003,-0.01416048535159024,2.9020546781414125
2026-01-22,-0.017574066930859198,0.06992563752607453,-0.15462831648196526,0.11948018262024687,2.9166,-0.019200000000000106,2.8807,-0.0019191223223960073,2.9110080553636637,2.8934339884328044,2.7563797388816984,3.0304882379839104,2.9166,2.8973999999999998,-0.0172327087729323,2.8937753465907314
2026-01-23,-0.01596826998017189,0.06992563752607453,-0.15302251953127796,0.12108597957093417,2.9116,-0.03589999999999982,2.8587,0.0,2.9116,2.895631730019828,2.758577480468722,3.032685979570934,2.9116,2.8757,-0.01609471385944793,2.895505286140552
