Date,Fixing_USD,USD_IB,Fixing_lag,Spread_lag,IB_next
2020-04-13,2.8968,2.8924,2.9064,-0.014000000000000234,2.8894
2020-04-14,2.8891,2.8894,2.8968,-0.007399999999999629,2.8874
2020-04-15,2.8952,2.8874,2.8891,-0.0017000000000000348,2.9006
2020-04-16,2.90135,2.9006,2.8952,0.005399999999999849,2.9114
2020-04-17,2.9087,2.9114,2.90135,0.010050000000000114,2.8993
2020-04-20,2.9051,2.8993,2.9087,-0.009399999999999853,2.9052
2020-04-21,2.907,2.9052,2.9051,9.999999999976694e-05,2.8992
2020-04-22,2.9003,2.8992,2.907,-0.007800000000000029,2.9068
2020-04-23,2.918,2.9068,2.9003,0.00649999999999995,2.9215
2020-04-24,2.9183,2.9215,2.918,0.0034999999999998366,2.9038
2020-04-27,2.9062,2.9038,2.9183,-0.014499999999999957,2.9013
2020-04-28,2.8959,2.9013,2.9062,-0.0049000000000001265,2.8982
2020-04-29,2.9031,2.8982,2.8959,0.0022999999999999687,2.9002
2020-04-30,2.8977,2.9002,2.9031,-0.0028999999999999027,2.893
2020-05-04,2.8903,2.893,2.8977,-0.0047000000000001485,2.9039
2020-05-05,2.907,2.9039,2.8903,0.013600000000000279,2.906
2020-05-06,2.9125,2.906,2.907,-0.0009999999999998899,2.9112
2020-05-07,2.9148,2.9112,2.9125,-0.0013000000000000789,2.9033
2020-05-08,2.9073,2.9033,2.9148,-0.011499999999999844,2.9103
2020-05-11,2.9123,2.9103,2.9073,0.0029999999999996696,2.9108
2020-05-12,2.9088,2.9108,2.9123,-0.0015000000000000568,2.9081
2020-05-13,2.90625,2.9081,2.9088,-0.0006999999999997009,2.916
2020-05-14,2.9204,2.916,2.90625,0.009749999999999925,2.913
2020-05-15,2.9157,2.913,2.9204,-0.007400000000000073,2.9139
2020-05-18,2.91495,2.9139,2.9157,-0.0018000000000002458,2.885
2020-05-19,2.8912,2.885,2.91495,-0.029950000000000365,2.8851
2020-05-20,2.8931,2.8851,2.8912,-0.006099999999999994,2.8929
2020-05-21,2.8868,2.8929,2.8931,-0.00019999999999997797,2.906
2020-05-22,2.9012,2.906,2.8868,0.019200000000000106,2.9015
2020-05-26,2.8917,2.9015,2.9012,0.000300000000000189,2.8984
2020-05-27,2.8818,2.8984,2.8917,0.006699999999999928,2.89
2020-05-28,2.8851,2.89,2.8818,0.008199999999999985,2.8767
2020-05-29,2.86065,2.8767,2.8851,-0.008399999999999963,2.8691
2020-06-01,2.8689,2.8691,2.86065,0.008449999999999847,2.8694
2020-06-02,2.8579,2.8694,2.8689,0.000500000000000167,2.8594
2020-06-03,2.8531,2.8594,2.8579,0.0015000000000000568,2.8611
2020-06-04,2.85805,2.8611,2.8531,0.008000000000000007,2.8512
2020-06-05,2.83995,2.8512,2.85805,-0.006850000000000023,2.8544
2020-06-08,2.84045,2.8544,2.83995,0.014450000000000074,2.8603
2020-06-09,2.83485,2.8603,2.84045,0.019849999999999923,2.846
2020-06-10,2.8296,2.846,2.83485,0.011150000000000215,2.847
2020-06-11,2.83075,2.847,2.8296,0.01739999999999986,2.8382
2020-06-12,2.8427,2.8382,2.83075,0.007449999999999957,2.8573
2020-06-15,2.84435,2.8573,2.8427,0.014600000000000168,2.849
2020-06-16,2.8449,2.849,2.84435,0.004650000000000265,2.8568
2020-06-17,2.8534,2.8568,2.8449,0.0118999999999998,2.8617
2020-06-18,2.8545,2.8617,2.8534,0.008299999999999752,2.8673
2020-06-19,2.8542,2.8673,2.8545,0.012800000000000367,2.8717
2020-06-22,2.8507,2.8717,2.8542,0.01750000000000007,2.8521
2020-06-23,2.83515,2.8521,2.8507,0.00140000000000029,2.8578
2020-06-24,2.8473,2.8578,2.83515,0.02265000000000006,2.8697
2020-06-25,2.85625,2.8697,2.8473,0.022399999999999753,2.8684
2020-06-26,2.8586,2.8684,2.85625,0.012149999999999661,2.8614
2020-06-29,2.8527,2.8614,2.8586,0.0028000000000001357,2.8689
2020-06-30,2.85915,2.8689,2.8527,0.016199999999999992,2.8659
2020-07-01,2.85985,2.8659,2.85915,0.006749999999999812,2.8508
2020-07-02,2.8467,2.8508,2.85985,-0.00904999999999978,2.8612
2020-07-03,2.85415,2.8612,2.8467,0.014500000000000401,2.8519
2020-07-06,2.8415,2.8519,2.85415,-0.0022500000000000853,2.8533
2020-07-07,2.84685,2.8533,2.8415,0.011800000000000033,2.851
2020-07-08,2.8456,2.851,2.84685,0.004150000000000098,2.8408
2020-07-09,2.8373,2.8408,2.8456,-0.0047999999999999154,2.8455
2020-07-10,2.8406,2.8455,2.8373,0.008199999999999985,2.8387
2020-07-13,2.83655,2.8387,2.8406,-0.0019000000000000128,2.8379
2020-07-14,2.83325,2.8379,2.83655,0.0013499999999999623,2.8203
2020-07-15,2.81935,2.8203,2.83325,-0.012950000000000017,2.8275
2020-07-16,2.82705,2.8275,2.81935,0.008150000000000102,2.8199
2020-07-17,2.8223,2.8199,2.82705,-0.007149999999999768,2.8122
2020-07-20,2.81555,2.8122,2.8223,-0.010099999999999998,2.8112
2020-07-21,2.81655,2.8112,2.81555,-0.004350000000000076,2.778
2020-07-22,2.79705,2.778,2.81655,-0.03854999999999986,2.7766
2020-07-23,2.78845,2.7766,2.79705,-0.020449999999999857,2.772
2020-07-24,2.7851,2.772,2.78845,-0.016450000000000298,2.7545
2020-07-27,2.7583,2.7545,2.7851,-0.03059999999999974,2.7463
2020-07-28,2.75435,2.7463,2.7583,-0.01200000000000001,2.7489
2020-07-29,2.75265,2.7489,2.75435,-0.005450000000000177,2.7491
2020-07-30,2.74975,2.7491,2.75265,-0.003550000000000164,2.7491
2020-07-31,2.74975,2.7491,2.74975,-0.0006500000000002615,2.7451
2020-08-03,2.7538,2.7451,2.74975,-0.004650000000000265,2.7445
2020-08-04,2.74515,2.7445,2.7538,-0.009300000000000086,2.7349
2020-08-05,2.7348,2.7349,2.74515,-0.010250000000000092,2.7345
2020-08-06,2.7333,2.7345,2.7348,-0.0002999999999997449,2.7388
2020-08-07,2.7389,2.7388,2.7333,0.00550000000000006,2.7479
2020-08-10,2.75075,2.7479,2.7389,0.008999999999999897,2.7526
2020-08-11,2.7426,2.7526,2.75075,0.0018500000000001293,2.7555
2020-08-12,2.7476,2.7555,2.7426,0.012900000000000134,2.7492
2020-08-14,2.74225,2.7492,2.7476,0.0016000000000002679,2.7411
2020-08-17,2.7411,2.7411,2.74225,-0.0011499999999999844,2.7273
2020-08-18,2.7285,2.7273,2.7411,-0.013799999999999812,2.7285
2020-08-19,2.72385,2.7285,2.7285,0.0,2.7285
2020-08-20,2.72385,2.7285,2.72385,0.004649999999999821,2.7441
2020-08-21,2.7442,2.7441,2.72385,0.02024999999999988,2.7483
2020-08-24,2.74095,2.7483,2.7442,0.0040999999999997705,2.7475
2020-08-25,2.74335,2.7475,2.74095,0.006549999999999834,2.7465
2020-08-26,2.74445,2.7465,2.74335,0.003150000000000208,2.7511
2020-08-27,2.74565,2.7511,2.74445,0.006650000000000045,2.7423
2020-08-28,2.7286,2.7423,2.74565,-0.003349999999999742,2.7346
2020-08-31,2.7248,2.7346,2.7286,0.005999999999999783,2.7322
2020-09-01,2.7224,2.7322,2.7248,0.007400000000000073,2.7403
2020-09-02,2.7392,2.7403,2.7224,0.017900000000000027,2.7407
2020-09-03,2.73855,2.7407,2.7392,0.0015000000000000568,2.7411
2020-09-04,2.7448,2.7411,2.73855,0.00254999999999983,2.745
2020-09-07,2.7424,2.745,2.7448,0.00019999999999997797,2.7464
2020-09-08,2.7476,2.7464,2.7424,0.0040000000000000036,2.7516
2020-09-09,2.74485,2.7516,2.7476,0.0040000000000000036,2.7421
2020-09-10,2.7382,2.7421,2.74485,-0.002749999999999808,2.7451
2020-09-11,2.75115,2.7451,2.7382,0.006899999999999906,2.7481
2020-09-14,2.7434,2.7481,2.75115,-0.003049999999999997,2.7431
2020-09-15,2.7461,2.7431,2.7434,-0.0002999999999997449,2.7464
2020-09-16,2.7495,2.7464,2.7461,0.0002999999999997449,2.7526
2020-09-17,2.751,2.7526,2.7495,0.0031000000000003247,2.7481
2020-09-18,2.74545,2.7481,2.751,-0.0028999999999999027,2.7536
2020-09-21,2.7602,2.7536,2.74545,0.008150000000000102,2.7645
2020-09-22,2.76415,2.7645,2.7602,0.0042999999999997485,2.7732
2020-09-23,2.77295,2.7732,2.76415,0.009050000000000225,2.7743
2020-09-24,2.78015,2.7743,2.77295,0.0013500000000004064,2.7772
2020-09-25,2.78495,2.7772,2.78015,-0.002949999999999786,2.7773
2020-09-28,2.77525,2.7773,2.78495,-0.007649999999999935,2.7764
2020-09-29,2.7684,2.7764,2.77525,0.0011499999999999844,2.7756
2020-09-30,2.76935,2.7756,2.7684,0.007199999999999651,2.766
2020-10-01,2.76735,2.766,2.76935,-0.003350000000000186,2.7678
2020-10-02,2.76835,2.7678,2.76735,0.0004499999999998394,2.765
2020-10-05,2.75805,2.765,2.76835,-0.003349999999999742,2.76
2020-10-06,2.75695,2.76,2.75805,0.0019499999999998963,2.762
2020-10-07,2.76285,2.762,2.75695,0.005050000000000221,2.7633
2020-10-08,2.76605,2.7633,2.76285,0.0004500000000002835,2.7575
2020-10-09,2.7574,2.7575,2.76605,-0.008550000000000058,2.7555
2020-10-12,2.75355,2.7555,2.7574,-0.0019000000000000128,2.7572
2020-10-13,2.76155,2.7572,2.75355,0.003649999999999931,2.7683
2020-10-14,2.76185,2.7683,2.76155,0.006749999999999812,2.7744
2020-10-16,2.76655,2.7744,2.76185,0.012550000000000061,2.7642
2020-10-19,2.76015,2.7642,2.76655,-0.002349999999999852,2.7552
2020-10-20,2.75395,2.7552,2.76015,-0.00495000000000001,2.7458
2020-10-21,2.7418,2.7458,2.75395,-0.008150000000000102,2.7487
2020-10-22,2.7502,2.7487,2.7418,0.006899999999999906,2.7463
2020-10-23,2.75025,2.7463,2.7502,-0.0038999999999997925,2.75
2020-10-26,2.75245,2.75,2.75025,-0.00024999999999986144,2.7514
2020-10-27,2.7504,2.7514,2.75245,-0.0010500000000002174,2.7612
2020-10-28,2.76305,2.7612,2.7504,0.010800000000000143,2.7612
2020-10-29,2.76305,2.7612,2.76305,-0.0018499999999996852,2.7741
2020-10-30,2.7709,2.7741,2.76305,0.011050000000000004,2.7774
2020-11-02,2.7799,2.7774,2.7709,0.00649999999999995,2.766
2020-11-03,2.76845,2.766,2.7799,-0.013900000000000023,2.7671
2020-11-04,2.7651,2.7671,2.76845,-0.0013499999999999623,2.7522
2020-11-05,2.74755,2.7522,2.7651,-0.01289999999999969,2.7431
2020-11-06,2.7401,2.7431,2.74755,-0.004449999999999843,2.7365
2020-11-09,2.7401,2.7365,2.7401,-0.0036000000000000476,2.7477
2020-11-10,2.75105,2.7477,2.7401,0.007600000000000051,2.7526
2020-11-11,2.75865,2.7526,2.75105,0.0015499999999999403,2.7547
2020-11-12,2.7516,2.7547,2.75865,-0.003949999999999676,2.752
2020-11-13,2.7505,2.752,2.7516,0.00039999999999995595,2.7463
2020-11-16,2.74975,2.7463,2.7505,-0.0041999999999999815,2.7389
2020-11-17,2.7389,2.7389,2.74975,-0.010850000000000026,2.7386
2020-11-18,2.7428,2.7386,2.7389,-0.000300000000000189,2.745
2020-11-19,2.74915,2.745,2.7428,0.002200000000000202,2.7445
2020-11-20,2.7413,2.7445,2.74915,-0.004650000000000265,2.7429
2020-11-23,2.7372,2.7429,2.7413,0.0016000000000002679,2.7412
2020-11-24,2.7452,2.7412,2.7372,0.0040000000000000036,2.7382
2020-11-25,2.7382,2.7382,2.7452,-0.007000000000000117,2.7349
2020-11-26,2.73815,2.7349,2.7382,-0.0032999999999998586,2.7353
2020-11-27,2.7348,2.7353,2.73815,-0.002850000000000019,2.7289
2020-11-30,2.727,2.7289,2.7348,-0.005900000000000016,2.7347
2020-12-01,2.7273,2.7347,2.727,0.007700000000000262,2.7263
2020-12-02,2.7187,2.7263,2.7273,-0.0009999999999998899,2.7253
2020-12-03,2.7056,2.7253,2.7187,0.006599999999999717,2.7235
2020-12-04,2.7055,2.7235,2.7056,0.017900000000000027,2.7323
2020-12-07,2.7102,2.7323,2.7055,0.026800000000000157,2.73
2020-12-08,2.7094,2.73,2.7102,0.01980000000000004,2.7306
2020-12-09,2.7104,2.7306,2.7094,0.021199999999999886,2.7334
2020-12-10,2.7128,2.7334,2.7104,0.02300000000000013,2.7324
2020-12-11,2.7108,2.7324,2.7128,0.019600000000000062,2.7314
2020-12-14,2.7031,2.7314,2.7108,0.02059999999999995,2.7284
2020-12-15,2.7065,2.7284,2.7031,0.0253000000000001,2.7273
2020-12-16,2.697,2.7273,2.7065,0.02079999999999993,2.7321
2020-12-17,2.6874,2.7321,2.697,0.03509999999999991,2.7223
2020-12-18,2.6859,2.7223,2.6874,0.034900000000000375,2.7234
2020-12-21,2.6943,2.7234,2.6859,0.037499999999999645,2.7181
2020-12-22,2.6907,2.7181,2.6943,0.023800000000000043,2.7171
2020-12-23,2.6968,2.7171,2.6907,0.026399999999999757,2.7159
2020-12-24,2.6938,2.7159,2.6968,0.019099999999999895,2.7109
2020-12-25,2.6961,2.7109,2.6938,0.017100000000000115,2.7096
2020-12-28,2.6906,2.7096,2.6961,0.013500000000000068,2.704
2020-12-29,2.6855,2.704,2.6906,0.0134000000000003,2.7031
2020-12-30,2.6793,2.7031,2.6855,0.017599999999999838,2.7047
2020-12-31,2.67985,2.7047,2.6793,0.025399999999999867,2.7046
2021-01-04,2.6775,2.7046,2.67985,0.02475000000000005,2.7012
2021-01-05,2.6828,2.7012,2.6775,0.023699999999999832,2.6902
2021-01-06,2.6794,2.6902,2.6828,0.007400000000000073,2.6989
2021-01-07,2.68245,2.6989,2.6794,0.019500000000000295,2.7058
2021-01-08,2.68295,2.7058,2.68245,0.023350000000000204,2.7161
2021-01-11,2.7011,2.7161,2.68295,0.03315000000000001,2.7177
2021-01-12,2.7024,2.7177,2.7011,0.016599999999999948,2.715
2021-01-13,2.6986,2.715,2.7024,0.012599999999999945,2.7222
2021-01-15,2.7021,2.7222,2.6986,0.023600000000000065,2.7306
2021-01-18,2.7136,2.7306,2.7021,0.028499999999999748,2.7179
2021-01-19,2.7032,2.7179,2.7136,0.0043000000000001926,2.7154
2021-01-20,2.7077,2.7154,2.7032,0.012199999999999989,2.7026
2021-01-21,2.7005,2.7026,2.7077,-0.0051000000000001044,2.7009
2021-01-22,2.7001,2.7009,2.7005,0.00039999999999995595,2.704
2021-01-25,2.7005,2.704,2.7001,0.0039000000000002366,2.7055
2021-01-26,2.6994,2.7055,2.7005,0.004999999999999893,2.7097
2021-01-27,2.7069,2.7097,2.6994,0.01030000000000042,2.7137
2021-01-28,2.7042,2.7137,2.7069,0.006799999999999695,2.7129
2021-01-29,2.7,2.7129,2.7042,0.008699999999999708,2.7195
2021-02-01,2.7105,2.7195,2.7,0.01949999999999985,2.7178
2021-02-02,2.718,2.7178,2.7105,0.007299999999999862,2.7252
2021-02-03,2.7215,2.7252,2.718,0.007200000000000095,2.7283
2021-02-04,2.7281,2.7283,2.7215,0.006800000000000139,2.7323
2021-02-05,2.725,2.7323,2.7281,0.0041999999999999815,2.7272
2021-02-08,2.7233,2.7272,2.725,0.0021999999999997577,2.7157
2021-02-09,2.7123,2.7157,2.7233,-0.007600000000000051,2.711
2021-02-10,2.7065,2.711,2.7123,-0.0013000000000000789,2.7148
2021-02-11,2.7067,2.7148,2.7065,0.008299999999999752,2.7252
2021-02-12,2.7148,2.7252,2.7067,0.01849999999999996,2.7224
2021-02-15,2.7083,2.7224,2.7148,0.007600000000000051,2.7182
2021-02-16,2.7117,2.7182,2.7083,0.00990000000000002,2.7342
2021-02-17,2.7241,2.7342,2.7117,0.022499999999999964,2.7354
2021-02-18,2.7169,2.7354,2.7241,0.011299999999999866,2.7273
2021-02-19,2.7094,2.7273,2.7169,0.010400000000000187,2.7314
2021-02-22,2.7068,2.7314,2.7094,0.021999999999999797,2.7225
2021-02-23,2.7069,2.7225,2.7068,0.01570000000000027,2.7199
2021-02-24,2.7116,2.7199,2.7069,0.0129999999999999,2.7133
2021-02-25,2.6989,2.7133,2.7116,0.0017000000000000348,2.7235
2021-02-26,2.7152,2.7235,2.6989,0.024599999999999955,2.7364
2021-03-01,2.726,2.7364,2.7152,0.02120000000000033,2.7451
2021-03-02,2.72845,2.7451,2.726,0.019099999999999895,2.7359
2021-03-03,2.72825,2.7359,2.72845,0.007449999999999957,2.7405
2021-03-04,2.73065,2.7405,2.72825,0.012249999999999872,2.7569
2021-03-05,2.7464,2.7569,2.73065,0.026250000000000107,2.767
2021-03-08,2.75905,2.767,2.7464,0.02059999999999995,2.7631
2021-03-09,2.757,2.7631,2.75905,0.004050000000000331,2.7653
2021-03-10,2.75135,2.7653,2.757,0.008299999999999752,2.7602
2021-03-11,2.7449,2.7602,2.75135,0.008850000000000247,2.7647
2021-03-12,2.75105,2.7647,2.7449,0.01980000000000004,2.7655
2021-03-15,2.7509,2.7655,2.75105,0.01444999999999963,2.7668
2021-03-16,2.7534,2.7668,2.7509,0.015899999999999803,2.7692
2021-03-17,2.75485,2.7692,2.7534,0.015800000000000036,2.7656
2021-03-18,2.75285,2.7656,2.75485,0.01075000000000026,2.7704
2021-03-19,2.75885,2.7704,2.75285,0.017549999999999955,2.7731
2021-03-22,2.75435,2.7731,2.75885,0.014250000000000096,2.7713
2021-03-23,2.7625,2.7713,2.75435,0.01695000000000002,2.785
2021-03-24,2.77095,2.785,2.7625,0.022499999999999964,2.787
2021-03-25,2.77405,2.787,2.77095,0.016049999999999898,2.796
2021-03-26,2.77835,2.796,2.77405,0.021949999999999914,2.7978
2021-03-29,2.78145,2.7978,2.77835,0.019449999999999967,2.8063
2021-03-30,2.79065,2.8063,2.78145,0.024849999999999817,2.8046
2021-03-31,2.78755,2.8046,2.79065,0.013950000000000351,2.8046
2021-04-01,2.78735,2.8046,2.78755,0.01705000000000023,2.799
2021-04-02,2.78545,2.799,2.78735,0.011649999999999938,2.8045
2021-04-05,2.77745,2.8045,2.78545,0.01905000000000001,2.7952
2021-04-06,2.77345,2.7952,2.77745,0.017749999999999932,2.7787
2021-04-07,2.76665,2.7787,2.77345,0.005250000000000199,2.7848
2021-04-08,2.76545,2.7848,2.76665,0.018150000000000333,2.7803
2021-04-12,2.7633,2.7803,2.76545,0.01485000000000003,2.7795
2021-04-13,2.76725,2.7795,2.7633,0.016199999999999992,2.7732
2021-04-14,2.7576,2.7732,2.76725,0.0059499999999999,2.7708
2021-04-15,2.75605,2.7708,2.7576,0.013199999999999878,2.7698
2021-04-16,2.75355,2.7698,2.75605,0.013749999999999929,2.758
2021-04-19,2.743,2.758,2.75355,0.004449999999999843,2.7534
2021-04-20,2.7408,2.7534,2.743,0.010400000000000187,2.762
2021-04-21,2.74735,2.762,2.7408,0.021199999999999886,2.7605
2021-04-22,2.7425,2.7605,2.74735,0.013149999999999995,2.7501
2021-04-23,2.74165,2.7501,2.7425,0.007600000000000051,2.7456
2021-04-26,2.7365,2.7456,2.74165,0.00395000000000012,2.7472
2021-04-27,2.7392,2.7472,2.7365,0.010699999999999932,2.75
2021-04-28,2.74315,2.75,2.7392,0.010800000000000143,2.7495
2021-04-29,2.7338,2.7495,2.74315,0.006349999999999856,2.7529
2021-04-30,2.74035,2.7529,2.7338,0.019099999999999895,2.7568
2021-05-03,2.74605,2.7568,2.74035,0.016450000000000298,2.7618
2021-05-04,2.7516,2.7618,2.74605,0.015750000000000153,2.7629
2021-05-05,2.75035,2.7629,2.7516,0.01130000000000031,2.7574
2021-05-06,2.7459,2.7574,2.75035,0.007050000000000001,2.7549
2021-05-07,2.74265,2.7549,2.7459,0.009000000000000341,2.7409
2021-05-10,2.7277,2.7409,2.74265,-0.0017499999999999183,2.7462
2021-05-11,2.7275,2.7462,2.7277,0.01849999999999996,2.7462
2021-05-12,2.7275,2.7462,2.7275,0.01869999999999994,2.7462
2021-05-13,2.7275,2.7462,2.7275,0.01869999999999994,2.7462
2021-05-14,2.7275,2.7462,2.7275,0.01869999999999994,2.7427
2021-05-17,2.73175,2.7427,2.7275,0.015200000000000102,2.7335
2021-05-18,2.722,2.7335,2.73175,0.0017499999999999183,2.7358
2021-05-19,2.72015,2.7358,2.722,0.013799999999999812,2.7379
2021-05-20,2.7216,2.7379,2.72015,0.017749999999999932,2.7382
2021-05-21,2.7248,2.7382,2.7216,0.016599999999999948,2.7352
2021-05-24,2.7194,2.7352,2.7248,0.010399999999999743,2.7311
2021-05-25,2.71675,2.7311,2.7194,0.011700000000000266,2.7355
2021-05-26,2.7195,2.7355,2.71675,0.018749999999999822,2.742
2021-05-27,2.7232,2.742,2.7195,0.022499999999999964,2.743
2021-05-28,2.7314,2.743,2.7232,0.01980000000000004,2.7432
2021-05-31,2.7236,2.7432,2.7314,0.011800000000000033,2.7401
2021-06-01,2.717,2.7401,2.7236,0.01650000000000018,2.7453
2021-06-02,2.725,2.7453,2.717,0.02829999999999977,2.7517
2021-06-03,2.73535,2.7517,2.725,0.026699999999999946,2.7656
2021-06-04,2.7286,2.7656,2.73535,0.03025000000000011,2.7593
2021-06-07,2.72755,2.7593,2.7286,0.03069999999999995,2.7627
2021-06-08,2.7284,2.7627,2.72755,0.03515000000000024,2.7648
2021-06-09,2.72455,2.7648,2.7284,0.03639999999999999,2.7734
2021-06-10,2.72855,2.7734,2.72455,0.04885000000000028,2.7772
2021-06-11,2.73665,2.7772,2.72855,0.048650000000000304,2.7864
2021-06-14,2.73745,2.7864,2.73665,0.04974999999999996,2.7888
2021-06-15,2.7377,2.7888,2.73745,0.05135000000000023,2.7925
2021-06-16,2.737,2.7925,2.7377,0.05480000000000018,2.8016
2021-06-17,2.767,2.8016,2.737,0.06459999999999999,2.8263
2021-06-18,2.7765,2.8263,2.767,0.05929999999999991,2.8313
2021-06-21,2.76825,2.8313,2.7765,0.05480000000000018,2.8353
2021-06-22,2.77345,2.8353,2.76825,0.06705000000000005,2.825
2021-06-23,2.76225,2.825,2.77345,0.05155000000000021,2.8133
2021-06-24,2.76645,2.8133,2.76225,0.05105000000000004,2.8151
2021-06-25,2.76325,2.8151,2.76645,0.048650000000000304,2.8276
2021-06-28,2.76845,2.8276,2.76325,0.06434999999999969,2.8215
2021-06-29,2.7753,2.8215,2.76845,0.05304999999999982,2.821
2021-06-30,2.77535,2.821,2.7753,0.045700000000000074,2.8249
2021-07-01,2.78065,2.8249,2.77535,0.04954999999999998,2.8317
2021-07-02,2.78465,2.8317,2.78065,0.05105000000000004,2.815
2021-07-05,2.7769,2.815,2.78465,0.030349999999999877,2.825
2021-07-06,2.78135,2.825,2.7769,0.048100000000000254,2.8275
2021-07-07,2.78505,2.8275,2.78135,0.04614999999999991,2.8297
2021-07-08,2.7807,2.8297,2.78505,0.044649999999999856,2.8201
2021-07-09,2.77905,2.8201,2.7807,0.0394000000000001,2.8176
2021-07-12,2.77975,2.8176,2.77905,0.038550000000000306,2.8163
2021-07-13,2.78085,2.8163,2.77975,0.03655000000000008,2.8158
2021-07-14,2.78605,2.8158,2.78085,0.034949999999999815,2.8107
2021-07-15,2.78165,2.8107,2.78605,0.024650000000000283,2.8036
2021-07-16,2.7862,2.8036,2.78165,0.021949999999999914,2.8156
2021-07-19,2.79055,2.8156,2.7862,0.02939999999999987,2.8044
2021-07-22,2.78835,2.8044,2.79055,0.013849999999999696,2.8018
2021-07-23,2.79245,2.8018,2.78835,0.013450000000000184,2.7963
2021-07-26,2.78855,2.7963,2.79245,0.003849999999999909,2.7917
2021-07-27,2.78845,2.7917,2.78855,0.003150000000000208,2.7851
2021-07-28,2.7862,2.7851,2.78845,-0.003350000000000186,2.779
2021-07-29,2.77445,2.779,2.7862,-0.007200000000000095,2.7743
2021-07-30,2.77045,2.7743,2.77445,-0.0001499999999996504,2.7752
2021-08-02,2.77315,2.7752,2.77045,0.004750000000000032,2.7739
2021-08-03,2.7742,2.7739,2.77315,0.0007500000000000284,2.7784
2021-08-04,2.77835,2.7784,2.7742,0.0041999999999999815,2.7808
2021-08-05,2.77995,2.7808,2.77835,0.0024500000000000632,2.7888
2021-08-06,2.78715,2.7888,2.77995,0.008850000000000247,2.7944
2021-08-09,2.79475,2.7944,2.78715,0.007249999999999979,2.7973
2021-08-11,2.80255,2.7973,2.79475,0.00254999999999983,2.797
2021-08-12,2.79895,2.797,2.80255,-0.005549999999999944,2.7923
2021-08-16,2.79135,2.7923,2.79895,-0.006650000000000045,2.7931
2021-08-17,2.79355,2.7931,2.79135,0.0017499999999999183,2.801
2021-08-18,2.80345,2.801,2.79355,0.007449999999999957,2.8051
2021-08-19,2.80565,2.8051,2.80345,0.0016499999999997073,2.8092
2021-08-20,2.8095,2.8092,2.80565,0.003550000000000164,2.8024
2021-08-23,2.80375,2.8024,2.8095,-0.007099999999999884,2.8018
2021-08-24,2.80115,2.8018,2.80375,-0.0019499999999998963,2.7998
2021-08-25,2.80105,2.7998,2.80115,-0.0013499999999999623,2.7949
2021-08-26,2.79595,2.7949,2.80105,-0.006149999999999878,2.7992
2021-08-27,2.79995,2.7992,2.79595,0.003249999999999975,2.7927
2021-08-30,2.7931,2.7927,2.79995,-0.007249999999999979,2.7882
2021-08-31,2.78865,2.7882,2.7931,-0.0049000000000001265,2.7917
2021-09-01,2.79065,2.7917,2.78865,0.003049999999999997,2.7887
2021-09-02,2.78535,2.7887,2.79065,-0.0019499999999998963,2.783
2021-09-03,2.78135,2.783,2.78535,-0.0023500000000002963,2.7833
2021-09-06,2.78265,2.7833,2.78135,0.0019499999999998963,2.7837
2021-09-07,2.78245,2.7837,2.78265,0.0010500000000002174,2.7917
2021-09-08,2.79025,2.7917,2.78245,0.009250000000000203,2.792
2021-09-09,2.78785,2.792,2.79025,0.0017499999999999183,2.788
2021-09-10,2.78745,2.788,2.78785,0.0001499999999996504,2.7965
2021-09-13,2.79585,2.7965,2.78745,0.00904999999999978,2.7902
2021-09-14,2.79135,2.7902,2.79585,-0.005650000000000155,2.7904
2021-09-15,2.78785,2.7904,2.79135,-0.0009500000000000064,2.7979
2021-09-16,2.79865,2.7979,2.78785,0.01004999999999967,2.7917
2021-09-17,2.79995,2.7917,2.79865,-0.00694999999999979,2.8112
2021-09-20,2.80555,2.8112,2.79995,0.011249999999999982,2.8086
2021-09-21,2.80425,2.8086,2.80555,0.003049999999999997,2.8099
2021-09-22,2.80185,2.8099,2.80425,0.005649999999999711,2.813
2021-09-23,2.80105,2.813,2.80185,0.011150000000000215,2.8115
2021-09-24,2.80795,2.8115,2.80105,0.01045000000000007,2.8171
2021-09-27,2.80915,2.8171,2.80795,0.009149999999999991,2.8211
2021-09-28,2.8163,2.8211,2.80915,0.011950000000000127,2.8239
2021-09-29,2.822,2.8239,2.8163,0.007600000000000051,2.8332
2021-09-30,2.8299,2.8332,2.822,0.011200000000000099,2.8341
2021-10-01,2.82565,2.8341,2.8299,0.0041999999999999815,2.8292
2021-10-04,2.82125,2.8292,2.82565,0.003550000000000164,2.8308
2021-10-05,2.8265,2.8308,2.82125,0.009549999999999947,2.8379
2021-10-06,2.83505,2.8379,2.8265,0.011400000000000077,2.8391
2021-10-07,2.83095,2.8391,2.83505,0.004050000000000331,2.8396
2021-10-08,2.83195,2.8396,2.83095,0.008649999999999824,2.8407
2021-10-11,2.83045,2.8407,2.83195,0.008750000000000036,2.8428
2021-10-12,2.83885,2.8428,2.83045,0.012350000000000083,2.8421
2021-10-13,2.83365,2.8421,2.83885,0.003249999999999975,2.8329
2021-10-14,2.82865,2.8329,2.83365,-0.0007500000000000284,2.8271
2021-10-19,2.82045,2.8271,2.82865,-0.0015499999999999403,2.83
2021-10-20,2.82065,2.83,2.82045,0.009549999999999947,2.8303
2021-10-21,2.82065,2.8303,2.82065,0.009649999999999714,2.8349
2021-10-22,2.8196,2.8349,2.82065,0.014250000000000096,2.8342
2021-10-25,2.82495,2.8342,2.8196,0.014600000000000168,2.8301
2021-10-26,2.82605,2.8301,2.82495,0.005149999999999988,2.8371
2021-10-27,2.82425,2.8371,2.82605,0.011050000000000004,2.8395
2021-10-28,2.82215,2.8395,2.82425,0.015249999999999986,2.8367
2021-10-29,2.82345,2.8367,2.82215,0.01454999999999984,2.845
2021-11-01,2.8337,2.845,2.82345,0.021550000000000402,2.8418
2021-11-02,2.8312,2.8418,2.8337,0.008100000000000218,2.8439
2021-11-03,2.8338,2.8439,2.8312,0.012700000000000156,2.8456
2021-11-04,2.83825,2.8456,2.8338,0.011800000000000033,2.848
2021-11-05,2.8416,2.848,2.83825,0.009749999999999925,2.8479
2021-11-08,2.8324,2.8479,2.8416,0.006299999999999972,2.8413
2021-11-09,2.83,2.8413,2.8324,0.00890000000000013,2.8462
2021-11-10,2.8353,2.8462,2.83,0.016199999999999992,2.8617
2021-11-11,2.8514,2.8617,2.8353,0.026399999999999757,2.8662
2021-11-12,2.85475,2.8662,2.8514,0.014800000000000146,2.8692
2021-11-15,2.8544,2.8692,2.85475,0.014450000000000074,2.8794
2021-11-16,2.8674,2.8794,2.8544,0.02499999999999991,2.8926
2021-11-17,2.87685,2.8926,2.8674,0.02519999999999989,2.8894
2021-11-18,2.8702,2.8894,2.87685,0.012550000000000061,2.8939
2021-11-19,2.8771,2.8939,2.8702,0.023699999999999832,2.9006
2021-11-22,2.88485,2.9006,2.8771,0.023499999999999854,2.9044
2021-11-23,2.8865,2.9044,2.88485,0.019549999999999734,2.9192
2021-11-24,2.895,2.9192,2.8865,0.03270000000000017,2.9236
2021-11-25,2.8915,2.9236,2.895,0.02859999999999996,2.9166
2021-11-26,2.8787,2.9166,2.8915,0.025099999999999678,2.9197
2021-11-29,2.8813,2.9197,2.8787,0.04100000000000037,2.9039
2021-11-30,2.8662,2.9039,2.8813,0.022600000000000176,2.9087
2021-12-01,2.8705,2.9087,2.8662,0.04249999999999998,2.9156
2021-12-02,2.8702,2.9156,2.8705,0.04510000000000014,2.923
2021-12-03,2.8777,2.923,2.8702,0.05279999999999996,2.9262
2021-12-06,2.8775,2.9262,2.8777,0.04850000000000021,2.9325
2021-12-07,2.8871,2.9325,2.8775,0.05500000000000016,2.9254
2021-12-08,2.87735,2.9254,2.8871,0.03829999999999956,2.9119
2021-12-09,2.87585,2.9119,2.87735,0.0345500000000003,2.9048
2021-12-10,2.87925,2.9048,2.87585,0.02895000000000003,2.9092
2021-12-13,2.879,2.9092,2.87925,0.02994999999999992,2.91
2021-12-14,2.8778,2.91,2.879,0.03100000000000014,2.9082
2021-12-15,2.8855,2.9082,2.8778,0.03039999999999976,2.9039
2021-12-16,2.87265,2.9039,2.8855,0.018400000000000194,2.9088
2021-12-20,2.88,2.9088,2.87265,0.03614999999999968,2.9043
2021-12-21,2.8811,2.9043,2.88,0.02430000000000021,2.9012
2021-12-22,2.8768,2.9012,2.8811,0.020099999999999785,2.9031
2021-12-23,2.876,2.9031,2.8768,0.02629999999999999,2.8987
2021-12-24,2.8751,2.8987,2.876,0.022699999999999942,2.9012
2021-12-27,2.87545,2.9012,2.8751,0.026099999999999568,2.9011
2021-12-28,2.87585,2.9011,2.87545,0.025650000000000173,2.906
2021-12-29,2.8744,2.906,2.87585,0.030150000000000343,2.9046
2021-12-30,2.8774,2.9046,2.8744,0.030199999999999783,2.8865
2021-12-31,2.87355,2.8865,2.8774,0.009099999999999664,2.9015
2022-01-03,2.8706,2.9015,2.87355,0.02795000000000014,2.9057
2022-01-04,2.8816,2.9057,2.8706,0.03509999999999991,2.9016
2022-01-05,2.874,2.9016,2.8816,0.020000000000000018,2.9029
2022-01-06,2.8758,2.9029,2.874,0.028899999999999704,2.901
2022-01-07,2.8743,2.901,2.8758,0.02519999999999989,2.892
2022-01-10,2.8803,2.892,2.8743,0.01770000000000005,2.8933
2022-01-11,2.87505,2.8933,2.8803,0.0129999999999999,2.8858
2022-01-12,2.8702,2.8858,2.87505,0.01075000000000026,2.8685
2022-01-13,2.85355,2.8685,2.8702,-0.0017000000000000348,2.8691
2022-01-14,2.8566,2.8691,2.85355,0.015550000000000175,2.8778
2022-01-17,2.8664,2.8778,2.8566,0.02120000000000033,2.8817
2022-01-18,2.8741,2.8817,2.8664,0.01529999999999987,2.8882
2022-01-19,2.87635,2.8882,2.8741,0.014100000000000001,2.8849
2022-01-20,2.874,2.8849,2.87635,0.008550000000000058,2.8849
2022-01-21,2.8747,2.8849,2.874,0.01089999999999991,2.8872
2022-01-24,2.884,2.8872,2.8747,0.012500000000000178,2.8881
2022-01-25,2.8879,2.8881,2.884,0.004100000000000215,2.8885
2022-01-26,2.8846,2.8885,2.8879,0.0005999999999999339,2.9043
2022-01-27,2.9099,2.9043,2.8846,0.019700000000000273,2.9146
2022-01-28,2.9112,2.9146,2.9099,0.0047000000000001485,2.9074
2022-01-31,2.9091,2.9074,2.9112,-0.0038000000000000256,2.8969
2022-02-01,2.8929,2.8969,2.9091,-0.012199999999999989,2.8891
2022-02-02,2.8836,2.8891,2.8929,-0.0038000000000000256,2.8876
2022-02-03,2.8759,2.8876,2.8836,0.0040000000000000036,2.8644
2022-02-04,2.8671,2.8644,2.8759,-0.011500000000000288,2.867
2022-02-07,2.868,2.867,2.8671,-0.00010000000000021103,2.8702
2022-02-08,2.8726,2.8702,2.868,0.002200000000000202,2.8704
2022-02-09,2.8708,2.8704,2.8726,-0.0021999999999997577,2.8731
2022-02-10,2.8805,2.8731,2.8708,0.0022999999999999687,2.8771
2022-02-11,2.8778,2.8771,2.8805,-0.0034000000000000696,2.8897
2022-02-14,2.8903,2.8897,2.8778,0.0118999999999998,2.8874
2022-02-15,2.8841,2.8874,2.8903,-0.0028999999999999027,2.8806
2022-02-16,2.8828,2.8806,2.8841,-0.0035000000000002807,2.8826
2022-02-17,2.8795,2.8826,2.8828,-0.00019999999999997797,2.8792
2022-02-18,2.8842,2.8792,2.8795,-0.000300000000000189,2.8808
2022-02-21,2.8833,2.8808,2.8842,-0.0034000000000000696,2.8876
2022-02-22,2.8858,2.8876,2.8833,0.0042999999999997485,2.8831
2022-02-23,2.8836,2.8831,2.8858,-0.0026999999999999247,2.907
2022-02-24,2.9182,2.907,2.8836,0.023400000000000087,2.9112
2022-02-25,2.9063,2.9112,2.9182,-0.007000000000000117,2.9147
2022-02-28,2.9085,2.9147,2.9063,0.008399999999999963,2.9126
2022-03-01,2.917,2.9126,2.9085,0.0040999999999997705,2.9314
2022-03-02,2.9276,2.9314,2.917,0.01440000000000019,2.9347
2022-03-03,2.9292,2.9347,2.9276,0.007099999999999884,2.9552
2022-03-04,2.96135,2.9552,2.9292,0.026000000000000245,2.9755
2022-03-07,2.95745,2.9755,2.96135,0.014149999999999885,2.972
2022-03-08,2.96005,2.972,2.95745,0.01454999999999984,2.967
2022-03-09,2.941,2.967,2.96005,0.006950000000000234,2.957
2022-03-10,2.9408,2.957,2.941,0.016000000000000014,2.9687
2022-03-11,2.95235,2.9687,2.9408,0.027900000000000258,2.9723
2022-03-14,2.96145,2.9723,2.95235,0.019950000000000134,2.9702
2022-03-15,2.95255,2.9702,2.96145,0.008750000000000036,2.9746
2022-03-16,2.94885,2.9746,2.95255,0.022050000000000125,2.9618
2022-03-17,2.9384,2.9618,2.94885,0.012950000000000017,2.9586
2022-03-18,2.94935,2.9586,2.9384,0.020199999999999996,2.9677
2022-03-21,2.9494,2.9677,2.94935,0.018349999999999866,2.9746
2022-03-22,2.95215,2.9746,2.9494,0.025200000000000333,2.9743
2022-03-23,2.96375,2.9743,2.95215,0.022149999999999892,2.9783
2022-03-24,2.96385,2.9783,2.96375,0.01454999999999984,2.9783
2022-03-25,2.96085,2.9783,2.96385,0.014450000000000074,2.9842
2022-03-28,2.9697,2.9842,2.96085,0.02334999999999976,2.9745
2022-03-29,2.9413,2.9745,2.9697,0.0047999999999999154,2.9631
2022-03-30,2.9374,2.9631,2.9413,0.02179999999999982,2.9591
2022-03-31,2.9487,2.9591,2.9374,0.021700000000000053,2.9778
2022-04-01,2.95665,2.9778,2.9487,0.02909999999999968,2.9813
2022-04-04,2.9626,2.9813,2.95665,0.024650000000000283,2.9869
2022-04-05,2.96895,2.9869,2.9626,0.024299999999999766,2.9985
2022-04-06,2.97895,2.9985,2.96895,0.029549999999999965,3.0032
2022-04-07,2.97855,3.0032,2.97895,0.024249999999999883,3.0124
2022-04-08,2.98375,3.0124,2.97855,0.03385000000000016,3.0105
2022-04-11,2.98235,3.0105,2.98375,0.02674999999999983,3.0168
2022-04-12,2.99095,3.0168,2.98235,0.03445000000000009,3.0269
2022-04-13,2.99645,3.0269,2.99095,0.035949999999999704,3.0125
2022-04-14,2.9823,3.0125,2.99645,0.016050000000000342,3.0332
2022-04-15,3.00065,3.0332,2.9823,0.050899999999999945,3.0326
2022-04-18,3.00325,3.0326,3.00065,0.031950000000000145,3.036
2022-04-19,3.00695,3.036,3.00325,0.03275000000000006,3.0284
2022-04-20,2.99425,3.0284,3.00695,0.02145000000000019,3.0173
2022-04-21,2.98765,3.0173,2.99425,0.023050000000000015,3.0363
2022-04-22,3.00775,3.0363,2.98765,0.048650000000000304,3.0463
2022-04-25,3.0225,3.0463,3.00775,0.03854999999999986,3.0617
2022-04-26,3.02825,3.0617,3.0225,0.039200000000000124,3.0743
2022-04-27,3.04435,3.0743,3.02825,0.046050000000000146,3.0985
2022-04-28,3.0681,3.0985,3.04435,0.05414999999999992,3.0807
2022-04-29,3.05545,3.0807,3.0681,0.012600000000000389,3.1011
2022-05-04,3.0616,3.1011,3.05545,0.04565000000000019,3.0926
2022-05-05,3.06215,3.0926,3.0616,0.03100000000000014,3.1029
2022-05-06,3.0595,3.1029,3.06215,0.040750000000000064,3.1062
2022-05-09,3.0665,3.1062,3.0595,0.046699999999999964,3.1037
2022-05-10,3.0633,3.1037,3.0665,0.0371999999999999,3.1065
2022-05-11,3.05945,3.1065,3.0633,0.04320000000000013,3.1239
2022-05-12,3.0863,3.1239,3.05945,0.0644499999999999,3.1442
2022-05-13,3.0952,3.1442,3.0863,0.05790000000000006,3.1531
2022-05-16,3.08365,3.1531,3.0952,0.05789999999999962,3.1435
2022-05-17,3.0625,3.1435,3.08365,0.05984999999999996,3.1383
2022-05-18,3.0643,3.1383,3.0625,0.07580000000000009,3.1285
2022-05-19,3.05245,3.1285,3.0643,0.06420000000000003,3.1164
2022-05-20,3.0519,3.1164,3.05245,0.06395000000000017,3.0922
2022-05-23,3.03425,3.0922,3.0519,0.040300000000000225,3.0733
2022-05-24,3.0227,3.0733,3.03425,0.03905000000000003,3.0783
2022-05-25,3.0336,3.0783,3.0227,0.055600000000000094,3.0745
2022-05-26,3.02405,3.0745,3.0336,0.04090000000000016,3.0727
2022-05-27,3.01715,3.0727,3.02405,0.048650000000000304,3.0747
2022-05-30,3.0158,3.0747,3.01715,0.05754999999999999,3.0766
2022-05-31,3.02845,3.0766,3.0158,0.060799999999999965,3.0787
2022-06-01,3.0372,3.0787,3.02845,0.05025000000000013,3.0847
2022-06-02,3.0303,3.0847,3.0372,0.04750000000000032,3.0715
2022-06-03,3.025,3.0715,3.0303,0.0411999999999999,3.0767
2022-06-06,3.0308,3.0767,3.025,0.0517000000000003,3.0785
2022-06-07,3.03605,3.0785,3.0308,0.047699999999999854,3.0785
2022-06-08,3.0298,3.0785,3.03605,0.0424500000000001,3.0812
2022-06-09,3.04435,3.0812,3.0298,0.05140000000000011,3.0887
2022-06-10,3.07225,3.0887,3.04435,0.04434999999999967,3.1146
2022-06-13,3.0878,3.1146,3.07225,0.04234999999999989,3.119
2022-06-14,3.0906,3.119,3.0878,0.031200000000000117,3.1166
2022-06-15,3.0934,3.1166,3.0906,0.026000000000000245,3.1208
2022-06-16,3.0821,3.1208,3.0934,0.02740000000000009,3.1137
2022-06-17,3.08025,3.1137,3.0821,0.03160000000000007,3.115
2022-06-20,3.0739,3.115,3.08025,0.03475000000000028,3.1038
2022-06-21,3.06855,3.1038,3.0739,0.029900000000000038,3.1066
2022-06-22,3.0679,3.1066,3.06855,0.038049999999999695,3.1086
2022-06-23,3.0671,3.1086,3.0679,0.04070000000000018,3.1071
2022-06-24,3.06545,3.1071,3.0671,0.040000000000000036,3.0998
2022-06-27,3.0624,3.0998,3.06545,0.034350000000000325,3.099
2022-06-28,3.07595,3.099,3.0624,0.03660000000000041,3.1107
2022-06-29,3.0843,3.1107,3.07595,0.03474999999999984,3.1167
2022-06-30,3.0943,3.1167,3.0843,0.032399999999999984,3.1127
2022-07-01,3.09,3.1127,3.0943,0.01839999999999975,3.1117
2022-07-04,3.0901,3.1117,3.09,0.021700000000000053,3.1186
2022-07-05,3.12,3.1186,3.0901,0.028499999999999748,3.1415
2022-07-06,3.13885,3.1415,3.12,0.021500000000000075,3.1577
2022-07-07,3.1402,3.1577,3.13885,0.018850000000000033,3.173
2022-07-08,3.1479,3.173,3.1402,0.03279999999999994,3.1721
2022-07-11,3.15735,3.1721,3.1479,0.0242,3.1965
2022-07-12,3.1772,3.1965,3.15735,0.039149999999999796,3.1853
2022-07-13,3.16655,3.1853,3.1772,0.008099999999999774,3.1874
2022-07-14,3.17755,3.1874,3.16655,0.020849999999999813,3.1911
2022-07-15,3.1711,3.1911,3.17755,0.013549999999999951,3.1701
2022-07-18,3.14755,3.1701,3.1711,-0.0009999999999998899,3.1423
2022-07-19,3.1271,3.1423,3.14755,-0.005249999999999755,3.1418
2022-07-20,3.14,3.1418,3.1271,0.014699999999999935,3.1587
2022-07-21,3.14145,3.1587,3.14,0.01869999999999994,3.1624
2022-07-22,3.1467,3.1624,3.14145,0.020950000000000024,3.1597
2022-07-26,3.15095,3.1597,3.1467,0.0129999999999999,3.163
2022-07-27,3.14445,3.163,3.15095,0.012049999999999894,3.1528
2022-07-28,3.14755,3.1528,3.14445,0.00835000000000008,3.1446
2022-07-29,3.12425,3.1446,3.14755,-0.002949999999999786,3.1372
2022-08-01,3.1194,3.1372,3.12425,0.012950000000000017,3.1355
2022-08-02,3.1238,3.1355,3.1194,0.01609999999999978,3.1503
2022-08-03,3.1358,3.1503,3.1238,0.026499999999999968,3.1539
2022-08-04,3.1363,3.1539,3.1358,0.018100000000000005,3.145
2022-08-05,3.12915,3.145,3.1363,0.008700000000000152,3.1569
2022-08-08,3.14115,3.1569,3.12915,0.02774999999999972,3.1486
2022-08-09,3.1344,3.1486,3.14115,0.007449999999999957,3.1513
2022-08-10,3.1327,3.1513,3.1344,0.016900000000000137,3.1266
2022-08-11,3.111,3.1266,3.1327,-0.006099999999999994,3.1344
2022-08-12,3.1248,3.1344,3.111,0.023399999999999643,3.1521
2022-08-15,3.14015,3.1521,3.1248,0.02729999999999988,3.1659
2022-08-16,3.15635,3.1659,3.14015,0.02574999999999994,3.1619
2022-08-17,3.14985,3.1619,3.15635,0.005549999999999944,3.1655
2022-08-18,3.1497,3.1655,3.14985,0.015650000000000386,3.1885
2022-08-19,3.17915,3.1885,3.1497,0.038799999999999724,3.2099
2022-08-22,3.1879,3.2099,3.17915,0.030750000000000277,3.2189
2022-08-23,3.20645,3.2189,3.1879,0.03100000000000014,3.2134
2022-08-24,3.20285,3.2134,3.20645,0.006950000000000234,3.2067
2022-08-25,3.19265,3.2067,3.20285,0.003849999999999909,3.2147
2022-08-26,3.1878,3.2147,3.19265,0.022050000000000125,3.2166
2022-08-29,3.20345,3.2166,3.1878,0.028799999999999937,3.2041
2022-08-30,3.19005,3.2041,3.20345,0.0006499999999998174,3.2092
2022-08-31,3.20385,3.2092,3.19005,0.019150000000000222,3.2105
2022-09-01,3.21405,3.2105,3.20385,0.006650000000000045,3.2156
2022-09-02,3.20245,3.2156,3.21405,0.0015499999999999403,3.2318
2022-09-05,3.21905,3.2318,3.20245,0.029349999999999987,3.2259
2022-09-06,3.2278,3.2259,3.21905,0.006850000000000023,3.2427
2022-09-07,3.22915,3.2427,3.2278,0.014900000000000357,3.2279
2022-09-08,3.22005,3.2279,3.22915,-0.0012500000000001954,3.2109
2022-09-09,3.19595,3.2109,3.22005,-0.009149999999999991,3.1903
2022-09-12,3.17705,3.1903,3.19595,-0.005649999999999711,3.2009
2022-09-13,3.19665,3.2009,3.17705,0.023849999999999927,3.229
2022-09-14,3.20655,3.229,3.19665,0.0323500000000001,3.2345
2022-09-15,3.20435,3.2345,3.20655,0.02795000000000014,3.2366
2022-09-16,3.20655,3.2366,3.20435,0.032250000000000334,3.2367
2022-09-19,3.20505,3.2367,3.20655,0.0301499999999999,3.2375
2022-09-20,3.20655,3.2375,3.20505,0.03244999999999987,3.251
2022-09-21,3.2218,3.251,3.20655,0.04444999999999988,3.2669
2022-09-22,3.23305,3.2669,3.2218,0.04510000000000014,3.2875
2022-09-23,3.25975,3.2875,3.23305,0.05445000000000011,3.3018
2022-09-26,3.2841,3.3018,3.25975,0.04205000000000014,3.3098
2022-09-27,3.2923,3.3098,3.2841,0.025700000000000056,3.3328
2022-09-28,3.2909,3.3328,3.2923,0.0405000000000002,3.3087
2022-09-29,3.2633,3.3087,3.2909,0.017799999999999816,3.284
2022-09-30,3.2546,3.284,3.2633,0.02069999999999972,3.2942
2022-10-03,3.2531,3.2942,3.2546,0.03960000000000008,3.2839
2022-10-04,3.21525,3.2839,3.2531,0.03080000000000016,3.2717
2022-10-05,3.23005,3.2717,3.21525,0.05644999999999989,3.2782
2022-10-06,3.23965,3.2782,3.23005,0.04815000000000014,3.298
2022-10-07,3.25795,3.298,3.23965,0.0583499999999999,3.2852
2022-10-10,3.27015,3.2852,3.25795,0.027249999999999996,3.3197
2022-10-11,3.271,3.3197,3.27015,0.04954999999999998,3.3092
2022-10-12,3.2737,3.3092,3.271,0.038200000000000234,3.3072
2022-10-13,3.27185,3.3072,3.2737,0.033500000000000085,3.3082
2022-10-14,3.2637,3.3082,3.27185,0.03634999999999966,3.326
2022-10-17,3.251,3.326,3.2637,0.06230000000000002,3.3115
2022-10-18,3.24145,3.3115,3.251,0.06050000000000022,3.2907
2022-10-19,3.25825,3.2907,3.24145,0.04925000000000024,3.3055
2022-10-20,3.2541,3.3055,3.25825,0.047250000000000014,3.3323
2022-10-21,3.25455,3.3323,3.2541,0.07819999999999983,3.3135
2022-10-24,3.23455,3.3135,3.25455,0.058949999999999836,3.3078
2022-10-25,3.21085,3.3078,3.23455,0.07324999999999982,3.2799
2022-10-26,3.19235,3.2799,3.21085,0.06904999999999983,3.2719
2022-10-27,3.19645,3.2719,3.19235,0.07955000000000023,3.2847
2022-10-28,3.21155,3.2847,3.19645,0.08824999999999994,3.2865
2022-10-31,3.23025,3.2865,3.21155,0.0749500000000003,3.2788
2022-11-01,3.21805,3.2788,3.23025,0.04855000000000009,3.3073
2022-11-02,3.228,3.3073,3.21805,0.08925000000000027,3.3177
2022-11-03,3.2612,3.3177,3.228,0.08969999999999967,3.3107
2022-11-04,3.22275,3.3107,3.2612,0.0495000000000001,3.2838
2022-11-07,3.20695,3.2838,3.22275,0.06104999999999983,3.282
2022-11-08,3.20785,3.282,3.20695,0.07505000000000006,3.2703
2022-11-09,3.20245,3.2703,3.20785,0.062450000000000117,3.2839
2022-11-10,3.18195,3.2839,3.20245,0.08145000000000024,3.2395
2022-11-11,3.13945,3.2395,3.18195,0.05754999999999999,3.2249
2022-11-14,3.1429,3.2249,3.13945,0.0854499999999998,3.2083
2022-11-15,3.11675,3.2083,3.1429,0.0653999999999999,3.2099
2022-11-16,3.1248,3.2099,3.11675,0.09315000000000007,3.2031
2022-11-17,3.1406,3.2031,3.1248,0.07830000000000004,3.2313
2022-11-18,3.1291,3.2313,3.1406,0.0907,3.2248
2022-11-21,3.1542,3.2248,3.1291,0.0956999999999999,3.2502
2022-11-22,3.14705,3.2502,3.1542,0.09600000000000009,3.237
2022-11-23,3.13365,3.237,3.14705,0.08994999999999997,3.2302
2022-11-24,3.1129,3.2302,3.13365,0.09655000000000014,3.222
2022-11-25,3.125,3.222,3.1129,0.1091000000000002,3.2176
2022-11-28,3.1061,3.2176,3.125,0.09260000000000002,3.2191
2022-11-29,3.1306,3.2191,3.1061,0.11299999999999999,3.2081
2022-11-30,3.1268,3.2081,3.1306,0.07750000000000012,3.1956
2022-12-01,3.1008,3.1956,3.1268,0.06880000000000042,3.2024
2022-12-02,3.1092,3.2024,3.1008,0.10159999999999991,3.1906
2022-12-05,3.0889,3.1906,3.1092,0.08139999999999992,3.1882
2022-12-06,3.0996,3.1882,3.0889,0.09929999999999994,3.1876
2022-12-07,3.098,3.1876,3.0996,0.08800000000000008,3.1918
2022-12-08,3.0972,3.1918,3.098,0.09380000000000033,3.1697
2022-12-09,3.0895,3.1697,3.0972,0.07250000000000023,3.1706
2022-12-12,3.0879,3.1706,3.0895,0.08109999999999973,3.1505
2022-12-13,3.0686,3.1505,3.0879,0.06260000000000021,3.1325
2022-12-14,3.0725,3.1325,3.0686,0.06389999999999985,3.1222
2022-12-15,3.06315,3.1222,3.0725,0.04970000000000008,3.1212
2022-12-16,3.0785,3.1212,3.06315,0.05805000000000016,3.1217
2022-12-19,3.0867,3.1217,3.0785,0.04320000000000013,3.1239
2022-12-20,3.0834,3.1239,3.0867,0.0371999999999999,3.1212
2022-12-21,3.0797,3.1212,3.0834,0.037799999999999834,3.1204
2022-12-22,3.0836,3.1204,3.0797,0.04070000000000018,3.1215
2022-12-23,3.08475,3.1215,3.0836,0.037900000000000045,3.1209
2022-12-26,3.0813,3.1209,3.08475,0.03614999999999968,3.1129
2022-12-27,3.0845,3.1129,3.0813,0.03159999999999963,3.1119
2022-12-28,3.0784,3.1119,3.0845,0.02740000000000009,3.1158
2022-12-29,3.0764,3.1158,3.0784,0.03740000000000032,3.1101
2022-12-30,3.077,3.1101,3.0764,0.03370000000000006,3.11
2023-01-02,3.0744,3.11,3.077,0.03299999999999992,3.1178
2023-01-03,3.0933,3.1178,3.0744,0.043400000000000105,3.1162
2023-01-04,3.0817,3.1162,3.0933,0.02289999999999992,3.1202
2023-01-05,3.0997,3.1202,3.0817,0.03849999999999998,3.1295
2023-01-06,3.1009,3.1295,3.0997,0.02980000000000027,3.1072
2023-01-09,3.06785,3.1072,3.1009,0.006299999999999972,3.1021
2023-01-10,3.0637,3.1021,3.06785,0.034250000000000114,3.0954
2023-01-11,3.06465,3.0954,3.0637,0.031700000000000284,3.0941
2023-01-12,3.05225,3.0941,3.06465,0.029450000000000198,3.0832
2023-01-13,3.05225,3.0832,3.05225,0.030950000000000255,3.09
2023-01-16,3.04605,3.09,3.05225,0.03774999999999995,3.0883
2023-01-17,3.0374,3.0883,3.04605,0.04224999999999968,3.0811
2023-01-18,3.03585,3.0811,3.0374,0.043700000000000294,3.086
2023-01-19,3.04605,3.086,3.03585,0.05014999999999992,3.0819
2023-01-20,3.048,3.0819,3.04605,0.03584999999999994,3.0721
2023-01-23,3.04145,3.0721,3.048,0.024099999999999788,3.073
2023-01-24,3.03965,3.073,3.04145,0.031549999999999745,3.0744
2023-01-25,3.0392,3.0744,3.03965,0.03474999999999984,3.0663
2023-01-26,3.03275,3.0663,3.0392,0.027099999999999902,3.0716
2023-01-27,3.0414,3.0716,3.03275,0.03885000000000005,3.0685
2023-01-30,3.0414,3.0685,3.0414,0.027099999999999902,3.0754
2023-01-31,3.0423,3.0754,3.0414,0.03400000000000025,3.0695
2023-02-01,3.03185,3.0695,3.0423,0.027200000000000113,3.0498
2023-02-02,3.02575,3.0498,3.03185,0.01794999999999991,3.07
2023-02-03,3.0471,3.07,3.02575,0.0442499999999999,3.0897
2023-02-06,3.06785,3.0897,3.0471,0.04260000000000019,3.0943
2023-02-07,3.0773,3.0943,3.06785,0.026450000000000085,3.0995
2023-02-08,3.0677,3.0995,3.0773,0.022199999999999775,3.0966
2023-02-09,3.05585,3.0966,3.0677,0.028900000000000148,3.0812
2023-02-10,3.0733,3.0812,3.05585,0.025349999999999984,3.105
2023-02-13,3.0796,3.105,3.0733,0.03169999999999984,3.1004
2023-02-14,3.0644,3.1004,3.0796,0.02079999999999993,3.1074
2023-02-15,3.08215,3.1074,3.0644,0.04300000000000015,3.121
2023-02-16,3.082,3.121,3.08215,0.03885000000000005,3.1238
2023-02-17,3.0922,3.1238,3.082,0.04180000000000028,3.128
2023-02-20,3.08135,3.128,3.0922,0.035800000000000054,3.1296
2023-02-21,3.0864,3.1296,3.08135,0.048249999999999904,3.1336
2023-02-22,3.0897,3.1336,3.0864,0.04720000000000013,3.1408
2023-02-23,3.0962,3.1408,3.0897,0.05109999999999992,3.145
2023-02-24,3.1108,3.145,3.0962,0.048799999999999955,3.143
2023-02-27,3.10465,3.143,3.1108,0.032200000000000006,3.1485
2023-02-28,3.0961,3.1485,3.10465,0.043849999999999945,3.1422
2023-03-01,3.0882,3.1422,3.0961,0.04610000000000003,3.1383
2023-03-02,3.1034,3.1383,3.0882,0.05010000000000003,3.1352
2023-03-03,3.0975,3.1352,3.1034,0.03180000000000005,3.1338
2023-03-06,3.09165,3.1338,3.0975,0.03629999999999978,3.1271
2023-03-07,3.0903,3.1271,3.09165,0.03544999999999998,3.1391
2023-03-08,3.1147,3.1391,3.0903,0.048799999999999955,3.1402
2023-03-09,3.10905,3.1402,3.1147,0.025500000000000078,3.1311
2023-03-10,3.098,3.1311,3.10905,0.022050000000000125,3.1242
2023-03-13,3.0766,3.1242,3.098,0.026200000000000223,3.1201
2023-03-14,3.0758,3.1201,3.0766,0.04349999999999987,3.12
2023-03-15,3.1055,3.12,3.0758,0.04420000000000002,3.1322
2023-03-16,3.0964,3.1322,3.1055,0.026699999999999946,3.1257
2023-03-17,3.08655,3.1257,3.0964,0.029300000000000104,3.1183
2023-03-21,3.0634,3.1183,3.08655,0.03175000000000017,3.1012
2023-03-22,3.0625,3.1012,3.0634,0.037799999999999834,3.0761
2023-03-23,3.0433,3.0761,3.0625,0.013599999999999834,3.0914
2023-03-24,3.07105,3.0914,3.0433,0.048100000000000254,3.0863
2023-03-27,3.0636,3.0863,3.07105,0.015249999999999986,3.0853
2023-03-28,3.05435,3.0853,3.0636,0.021700000000000053,3.0738
2023-03-29,3.05065,3.0738,3.05435,0.019449999999999967,3.0719
2023-03-30,3.04805,3.0719,3.05065,0.02124999999999977,3.0683
2023-03-31,3.04935,3.0683,3.04805,0.02024999999999988,3.0773
2023-04-03,3.05265,3.0773,3.04935,0.02795000000000014,3.0575
2023-04-04,3.0425,3.0575,3.05265,0.004850000000000243,3.0531
2023-04-05,3.03875,3.0531,3.0425,0.010600000000000165,3.064
2023-04-06,3.04615,3.064,3.03875,0.025250000000000217,3.0617
2023-04-07,3.044,3.0617,3.04615,0.015550000000000175,3.0667
2023-04-10,3.04835,3.0667,3.044,0.022699999999999942,3.0673
2023-04-11,3.04845,3.0673,3.04835,0.0189499999999998,3.0622
2023-04-12,3.0499,3.0622,3.04845,0.013749999999999929,3.0526
2023-04-13,3.0338,3.0526,3.0499,0.0026999999999999247,3.0418
2023-04-14,3.02795,3.0418,3.0338,0.008000000000000007,3.0559
2023-04-17,3.0444,3.0559,3.02795,0.027949999999999697,3.0613
2023-04-18,3.04505,3.0613,3.0444,0.016900000000000137,3.0598
2023-04-19,3.05385,3.0598,3.04505,0.014750000000000263,3.0604
2023-04-20,3.04765,3.0604,3.05385,0.006549999999999834,3.0512
2023-04-24,3.0392,3.0512,3.04765,0.003550000000000164,3.0454
2023-04-25,3.0447,3.0454,3.0392,0.006199999999999761,3.0493
2023-04-26,3.0276,3.0493,3.0447,0.0045999999999999375,3.0412
2023-04-27,3.04355,3.0412,3.0276,0.013599999999999834,3.0518
2023-04-28,3.04545,3.0518,3.04355,0.008249999999999869,3.06
2023-05-02,3.05625,3.06,3.04545,0.01454999999999984,3.0475
2023-05-03,3.0398,3.0475,3.05625,-0.008750000000000036,3.0453
2023-05-04,3.04455,3.0453,3.0398,0.00550000000000006,3.0428
2023-05-05,3.04755,3.0428,3.04455,-0.0017499999999999183,3.0418
2023-05-08,3.0385,3.0418,3.04755,-0.005750000000000366,3.0522
2023-05-09,3.054,3.0522,3.0385,0.013700000000000045,3.0515
2023-05-10,3.0476,3.0515,3.054,-0.0024999999999999467,3.052
2023-05-11,3.0621,3.052,3.0476,0.0043999999999999595,3.0559
2023-05-12,3.0676,3.0559,3.0621,-0.006200000000000205,3.069
2023-05-15,3.07095,3.069,3.0676,0.0013999999999998458,3.0657
2023-05-16,3.0708,3.0657,3.07095,-0.005249999999999755,3.0784
2023-05-17,3.0851,3.0784,3.0708,0.007599999999999607,3.0833
2023-05-18,3.0922,3.0833,3.0851,-0.0018000000000002458,3.0908
2023-05-19,3.0901,3.0908,3.0922,-0.0013999999999998458,3.0843
2023-05-22,3.0887,3.0843,3.0901,-0.005800000000000249,3.0915
2023-05-23,3.0942,3.0915,3.0887,0.0028000000000001357,3.0941
2023-05-24,3.0965,3.0941,3.0942,-9.999999999976694e-05,3.1045
2023-05-25,3.107,3.1045,3.0965,0.008000000000000007,3.1053
2023-05-26,3.10825,3.1053,3.107,-0.0017000000000000348,3.1093
2023-05-29,3.1121,3.1093,3.10825,0.0010500000000002174,3.1146
2023-05-30,3.1087,3.1146,3.1121,0.0024999999999999467,3.1199
2023-05-31,3.1208,3.1199,3.1087,0.011200000000000099,3.1195
2023-06-01,3.1077,3.1195,3.1208,-0.0013000000000000789,3.1038
2023-06-02,3.1075,3.1038,3.1077,-0.0038999999999997925,3.1203
2023-06-05,3.1142,3.1203,3.1075,0.012799999999999923,3.1205
2023-06-06,3.12235,3.1205,3.1142,0.006299999999999972,3.1207
2023-06-07,3.1136,3.1207,3.12235,-0.0016500000000001513,3.1173
2023-06-08,3.1062,3.1173,3.1136,0.0037000000000002586,3.1111
2023-06-09,3.1057,3.1111,3.1062,0.0049000000000001265,3.1095
2023-06-12,3.1102,3.1095,3.1057,0.0038000000000000256,3.1035
2023-06-13,3.1036,3.1035,3.1102,-0.006699999999999928,3.1017
2023-06-14,3.0947,3.1017,3.1036,-0.0019000000000000128,3.1004
2023-06-15,3.0876,3.1004,3.0947,0.005700000000000038,3.0851
2023-06-16,3.07775,3.0851,3.0876,-0.0024999999999999467,3.0851
2023-06-19,3.08615,3.0851,3.07775,0.00735000000000019,3.0859
2023-06-20,3.0878,3.0859,3.08615,-0.00024999999999986144,3.0893
2023-06-21,3.08955,3.0893,3.0878,0.0015000000000000568,3.0798
2023-06-22,3.07925,3.0798,3.08955,-0.009749999999999925,3.0933
2023-06-23,3.098,3.0933,3.07925,0.014050000000000118,3.0935
2023-06-26,3.0954,3.0935,3.098,-0.0044999999999997264,3.0889
2023-06-27,3.0866,3.0889,3.0954,-0.00649999999999995,3.1048
2023-06-30,3.0966,3.1048,3.0866,0.018200000000000216,3.098
2023-07-03,3.1009,3.098,3.0966,0.0013999999999998458,3.0968
2023-07-04,3.0996,3.0968,3.1009,-0.004100000000000215,3.0977
2023-07-05,3.1028,3.0977,3.0996,-0.0019000000000000128,3.099
2023-07-06,3.0995,3.099,3.1028,-0.0037999999999995815,3.0984
2023-07-07,3.0993,3.0984,3.0995,-0.001100000000000101,3.0847
2023-07-10,3.0874,3.0847,3.0993,-0.014599999999999724,3.0727
2023-07-11,3.0747,3.0727,3.0874,-0.014699999999999935,3.0673
2023-07-12,3.07085,3.0673,3.0747,-0.007400000000000073,3.0444
2023-07-13,3.04415,3.0444,3.07085,-0.026450000000000085,3.0332
2023-07-14,3.0359,3.0332,3.04415,-0.010950000000000237,3.0326
2023-07-17,3.035,3.0326,3.0359,-0.0032999999999998586,3.0398
2023-07-20,3.04445,3.0398,3.035,0.0047999999999999154,3.0564
2023-07-21,3.0613,3.0564,3.04445,0.011950000000000127,3.0637
2023-07-24,3.0657,3.0637,3.0613,0.0023999999999997357,3.0629
2023-07-26,3.0655,3.0629,3.0657,-0.0028000000000001357,3.0527
2023-07-27,3.0543,3.0527,3.0655,-0.012799999999999923,3.0833
2023-07-28,3.07585,3.0833,3.0543,0.028999999999999915,3.0762
2023-07-31,3.0764,3.0762,3.07585,0.0003500000000000725,3.0843
2023-08-01,3.0869,3.0843,3.0764,0.007899999999999796,3.0826
2023-08-02,3.0873,3.0826,3.0869,-0.0043000000000001926,3.0951
2023-08-03,3.0955,3.0951,3.0873,0.007800000000000029,3.0913
2023-08-04,3.094,3.0913,3.0955,-0.0041999999999999815,3.0827
2023-08-07,3.0879,3.0827,3.094,-0.011299999999999866,3.0844
2023-08-08,3.0919,3.0844,3.0879,-0.0034999999999998366,3.085
2023-08-09,3.0892,3.085,3.0919,-0.006899999999999906,3.082
2023-08-10,3.0808,3.082,3.0892,-0.007200000000000095,3.0841
2023-08-11,3.0885,3.0841,3.0808,0.0032999999999998586,3.0934
2023-08-14,3.0974,3.0934,3.0885,0.0049000000000001265,3.0987
2023-08-15,3.0994,3.0987,3.0974,0.0013000000000000789,3.0974
2023-08-16,3.102,3.0974,3.0994,-0.002000000000000224,3.1055
2023-08-17,3.1061,3.1055,3.102,0.0035000000000002807,3.1066
2023-08-18,3.11165,3.1066,3.1061,0.0004999999999997229,3.1042
2023-08-21,3.103,3.1042,3.11165,-0.007449999999999957,3.0955
2023-08-22,3.107,3.0955,3.103,-0.007500000000000284,3.1121
2023-08-23,3.1218,3.1121,3.107,0.00509999999999966,3.1077
2023-08-24,3.1132,3.1077,3.1218,-0.014100000000000001,3.1187
2023-08-25,3.1224,3.1187,3.1132,0.00550000000000006,3.1165
2023-08-28,3.12415,3.1165,3.1224,-0.005900000000000016,3.1172
2023-08-29,3.1239,3.1172,3.12415,-0.006950000000000234,3.109
2023-08-30,3.1091,3.109,3.1239,-0.014899999999999913,3.1018
2023-08-31,3.112,3.1018,3.1091,-0.007300000000000306,3.1088
2023-09-01,3.1167,3.1088,3.112,-0.0032000000000000917,3.1165
2023-09-04,3.1263,3.1165,3.1167,-0.00019999999999997797,3.1237
2023-09-05,3.14015,3.1237,3.1263,-0.0026000000000001577,3.1325
2023-09-06,3.1422,3.1325,3.14015,-0.007650000000000379,3.1402
2023-09-07,3.14695,3.1402,3.1422,-0.0019999999999997797,3.1399
2023-09-08,3.14035,3.1399,3.14695,-0.007050000000000001,3.1339
2023-09-11,3.1365,3.1339,3.14035,-0.006450000000000067,3.1374
2023-09-12,3.14275,3.1374,3.1365,0.0009000000000001229,3.1365
2023-09-13,3.139,3.1365,3.14275,-0.006250000000000089,3.1363
2023-09-14,3.1543,3.1363,3.139,-0.0026999999999999247,3.1531
2023-09-15,3.15365,3.1531,3.1543,-0.001200000000000312,3.1527
2023-09-18,3.15425,3.1527,3.15365,-0.0009500000000000064,3.1478
2023-09-19,3.1492,3.1478,3.15425,-0.006450000000000067,3.1488
2023-09-20,3.14455,3.1488,3.1492,-0.00039999999999995595,3.1571
2023-09-21,3.1594,3.1571,3.14455,0.012549999999999617,3.1602
2023-09-22,3.15625,3.1602,3.1594,0.0007999999999999119,3.1696
2023-09-25,3.17045,3.1696,3.15625,0.013349999999999973,3.1712
2023-09-26,3.17255,3.1712,3.17045,0.0007499999999995843,3.1827
2023-09-28,3.17775,3.1827,3.17255,0.010149999999999881,3.169
2023-09-29,3.17325,3.169,3.17775,-0.008750000000000036,3.1761
2023-10-02,3.18655,3.1761,3.17325,0.002850000000000019,3.188
2023-10-03,3.19355,3.188,3.18655,0.0014500000000001734,3.1925
2023-10-04,3.18985,3.1925,3.19355,-0.0010500000000002174,3.1836
2023-10-05,3.1828,3.1836,3.18985,-0.006249999999999645,3.1799
2023-10-06,3.18625,3.1799,3.1828,-0.0028999999999999027,3.182
2023-10-09,3.1786,3.182,3.18625,-0.004249999999999865,3.1741
2023-10-10,3.16795,3.1741,3.1786,-0.0044999999999997264,3.1659
2023-10-11,3.1621,3.1659,3.16795,-0.002049999999999663,3.1707
2023-10-12,3.17915,3.1707,3.1621,0.008599999999999941,3.1848
2023-10-13,3.18695,3.1848,3.17915,0.005650000000000155,3.1836
2023-10-16,3.18295,3.1836,3.18695,-0.003349999999999742,3.18
2023-10-17,3.1793,3.18,3.18295,-0.002949999999999786,3.1772
2023-10-18,3.18135,3.1772,3.1793,-0.0020999999999999908,3.1825
2023-10-19,3.17775,3.1825,3.18135,0.0011499999999999844,3.1805
2023-10-20,3.17555,3.1805,3.17775,0.002749999999999808,3.1789
2023-10-23,3.17295,3.1789,3.17555,0.003350000000000186,3.1648
2023-10-24,3.17085,3.1648,3.17295,-0.008150000000000102,3.1777
2023-10-25,3.17765,3.1777,3.17085,0.006850000000000023,3.1829
2023-10-26,3.18605,3.1829,3.17765,0.005250000000000199,3.1801
2023-10-27,3.17455,3.1801,3.18605,-0.0059499999999999,3.1776
2023-10-30,3.17225,3.1776,3.17455,0.003049999999999997,3.1697
2023-10-31,3.1729,3.1697,3.17225,-0.00254999999999983,3.1829
2023-11-01,3.1853,3.1829,3.1729,0.010000000000000231,3.1743
2023-11-02,3.1654,3.1743,3.1853,-0.010999999999999677,3.1648
2023-11-03,3.1512,3.1648,3.1654,-0.0005999999999999339,3.1441
2023-11-06,3.1448,3.1441,3.1512,-0.007099999999999884,3.1531
2023-11-07,3.15855,3.1531,3.1448,0.008299999999999752,3.1596
2023-11-08,3.15895,3.1596,3.15855,0.0010500000000002174,3.1565
2023-11-09,3.1543,3.1565,3.15895,-0.0024500000000000632,3.1615
2023-11-10,3.15955,3.1615,3.1543,0.007200000000000095,3.1574
2023-11-13,3.16115,3.1574,3.15955,-0.0021499999999998742,3.1503
2023-11-14,3.13525,3.1503,3.16115,-0.010850000000000026,3.1275
2023-11-15,3.1251,3.1275,3.13525,-0.007750000000000146,3.1314
2023-11-16,3.1214,3.1314,3.1251,0.006299999999999972,3.1282
2023-11-17,3.12085,3.1282,3.1214,0.006800000000000139,3.1145
2023-11-20,3.1086,3.1145,3.12085,-0.006349999999999856,3.1058
2023-11-21,3.1042,3.1058,3.1086,-0.0028000000000001357,3.1154
2023-11-22,3.1143,3.1154,3.1042,0.011200000000000099,3.1155
2023-11-23,3.11465,3.1155,3.1143,0.0011999999999998678,3.1161
2023-11-24,3.1092,3.1161,3.11465,0.0014499999999997293,3.1066
2023-11-27,3.1051,3.1066,3.1092,-0.0026000000000001577,3.1036
2023-11-28,3.0996,3.1036,3.1051,-0.0015000000000000568,3.0972
2023-11-29,3.0976,3.0972,3.0996,-0.0024000000000001798,3.1064
2023-11-30,3.1079,3.1064,3.0976,0.008799999999999919,3.1136
2023-12-01,3.11565,3.1136,3.1079,0.005700000000000038,3.1178
2023-12-04,3.1187,3.1178,3.11565,0.0021499999999998742,3.1229
2023-12-05,3.1232,3.1229,3.1187,0.0041999999999999815,3.1295
2023-12-06,3.12775,3.1295,3.1232,0.006299999999999972,3.1302
2023-12-07,3.12745,3.1302,3.12775,0.0024500000000000632,3.1279
2023-12-08,3.1335,3.1279,3.12745,0.0004499999999998394,3.1312
2023-12-11,3.1345,3.1312,3.1335,-0.0022999999999999687,3.1265
2023-12-12,3.1274,3.1265,3.1345,-0.008000000000000007,3.1282
2023-12-13,3.1252,3.1282,3.1274,0.0007999999999999119,3.1046
2023-12-14,3.088,3.1046,3.1252,-0.02059999999999995,3.0892
2023-12-15,3.094,3.0892,3.088,0.0011999999999998678,3.0964
2023-12-18,3.0965,3.0964,3.094,0.0024000000000001798,3.0931
2023-12-19,3.0914,3.0931,3.0965,-0.0033999999999996255,3.0921
2023-12-20,3.09115,3.0921,3.0914,0.0006999999999997009,3.0916
2023-12-21,3.0845,3.0916,3.09115,0.0004500000000002835,3.0758
2023-12-22,3.07695,3.0758,3.0845,-0.008699999999999708,3.0797
2023-12-25,3.0806,3.0797,3.07695,0.002749999999999808,3.0792
2023-12-26,3.0798,3.0792,3.0806,-0.0013999999999998458,3.0755
2023-12-27,3.0696,3.0755,3.0798,-0.0043000000000001926,3.0597
2023-12-28,3.0649,3.0597,3.0696,-0.00990000000000002,3.0657
2023-12-29,3.07325,3.0657,3.0649,0.0007999999999999119,3.0773
2024-01-02,3.0929,3.0773,3.07325,0.004050000000000331,3.0924
2024-01-03,3.0982,3.0924,3.0929,-0.000500000000000167,3.092
2024-01-04,3.0958,3.092,3.0982,-0.006199999999999761,3.0958
2024-01-05,3.0972,3.0958,3.0958,0.0,3.0952
2024-01-08,3.0936,3.0952,3.0972,-0.0019999999999997797,3.0924
2024-01-09,3.0935,3.0924,3.0936,-0.0011999999999998678,3.0929
2024-01-10,3.0967,3.0929,3.0935,-0.0005999999999999339,3.0881
2024-01-11,3.095,3.0881,3.0967,-0.008599999999999941,3.0899
2024-01-12,3.0918,3.0899,3.095,-0.0051000000000001044,3.0924
2024-01-15,3.0969,3.0924,3.0918,0.0005999999999999339,3.103
2024-01-16,3.1085,3.103,3.0969,0.006099999999999994,3.1092
2024-01-17,3.1138,3.1092,3.1085,0.000700000000000145,3.1083
2024-01-18,3.1143,3.1083,3.1138,-0.00550000000000006,3.1081
2024-01-19,3.1121,3.1081,3.1143,-0.006200000000000205,3.1038
2024-01-22,3.108,3.1038,3.1121,-0.008299999999999752,3.1054
2024-01-23,3.11115,3.1054,3.108,-0.0026000000000001577,3.1068
2024-01-24,3.0999,3.1068,3.11115,-0.004350000000000076,3.1057
2024-01-25,3.1107,3.1057,3.0999,0.005800000000000249,3.1195
2024-01-26,3.11035,3.1195,3.1107,0.008799999999999919,3.1138
2024-01-29,3.1208,3.1138,3.11035,0.003449999999999953,3.1184
2024-01-30,3.1173,3.1184,3.1208,-0.0024000000000001798,3.1191
2024-01-31,3.1134,3.1191,3.1173,0.0017999999999998018,3.1236
2024-02-01,3.1203,3.1236,3.1134,0.010200000000000209,3.1106
2024-02-02,3.1232,3.1106,3.1203,-0.009700000000000042,3.1277
2024-02-05,3.1367,3.1277,3.1232,0.0044999999999997264,3.1325
2024-02-06,3.1386,3.1325,3.1367,-0.0041999999999999815,3.1288
2024-02-07,3.1304,3.1288,3.1386,-0.009799999999999809,3.1274
2024-02-08,3.13685,3.1274,3.1304,-0.0029999999999996696,3.1274
2024-02-09,3.1274,3.1274,3.13685,-0.009449999999999736,3.1255
2024-02-12,3.1323,3.1255,3.1274,-0.0019000000000000128,3.1299
2024-02-13,3.14435,3.1299,3.1323,-0.0023999999999997357,3.143
2024-02-14,3.14495,3.143,3.14435,-0.0013500000000004064,3.1371
2024-02-15,3.1345,3.1371,3.14495,-0.007849999999999913,3.135
2024-02-16,3.13835,3.135,3.1345,0.0004999999999997229,3.1302
2024-02-19,3.1334,3.1302,3.13835,-0.008150000000000102,3.1274
2024-02-20,3.1227,3.1274,3.1334,-0.005999999999999783,3.1247
2024-02-21,3.1249,3.1247,3.1227,0.0019999999999997797,3.1172
2024-02-22,3.1237,3.1172,3.1249,-0.007699999999999818,3.1226
2024-02-23,3.1206,3.1226,3.1237,-0.001100000000000101,3.12
2024-02-26,3.11785,3.12,3.1206,-0.0005999999999999339,3.1139
2024-02-27,3.1172,3.1139,3.11785,-0.003949999999999676,3.121
2024-02-28,3.1213,3.121,3.1172,0.0038000000000000256,3.1193
2024-02-29,3.1182,3.1193,3.1213,-0.002000000000000224,3.1212
2024-03-01,3.1235,3.1212,3.1182,0.0030000000000001137,3.1196
2024-03-04,3.11675,3.1196,3.1235,-0.0038999999999997925,3.1154
2024-03-05,3.1152,3.1154,3.11675,-0.0013499999999999623,3.1111
2024-03-06,3.10785,3.1111,3.1152,-0.004100000000000215,3.1039
2024-03-07,3.1051,3.1039,3.10785,-0.00395000000000012,3.0964
2024-03-08,3.0908,3.0964,3.1051,-0.008700000000000152,3.0925
2024-03-11,3.0928,3.0925,3.0908,0.0016999999999995907,3.0947
2024-03-12,3.0958,3.0947,3.0928,0.0019000000000000128,3.0961
2024-03-13,3.0967,3.0961,3.0958,0.0002999999999997449,3.095
2024-03-14,3.0949,3.095,3.0967,-0.0016999999999995907,3.1048
2024-03-15,3.1058,3.1048,3.0949,0.00990000000000002,3.1042
2024-03-18,3.1042,3.1042,3.1058,-0.0015999999999998238,3.1124
2024-03-19,3.1165,3.1124,3.1042,0.008199999999999985,3.103
2024-03-21,3.103,3.103,3.1165,-0.013499999999999623,3.1179
2024-03-22,3.12355,3.1179,3.103,0.014899999999999913,3.1214
2024-03-25,3.1227,3.1214,3.12355,-0.0021499999999998742,3.1166
2024-03-26,3.1154,3.1166,3.1227,-0.006099999999999994,3.1195
2024-03-27,3.1196,3.1195,3.1154,0.0040999999999997705,3.1254
2024-03-28,3.1271,3.1254,3.1196,0.005799999999999805,3.1279
2024-03-29,3.1281,3.1279,3.1271,0.0007999999999999119,3.1254
2024-04-01,3.1285,3.1254,3.1281,-0.0026999999999999247,3.1358
2024-04-02,3.13615,3.1358,3.1285,0.007300000000000306,3.1298
2024-04-03,3.1307,3.1298,3.13615,-0.0063500000000003,3.1139
2024-04-04,3.1149,3.1139,3.1307,-0.016799999999999926,3.1164
2024-04-05,3.1196,3.1164,3.1149,0.0015000000000000568,3.1175
2024-04-08,3.12075,3.1175,3.1196,-0.0020999999999999908,3.1467
2024-04-12,3.16015,3.1467,3.12075,0.025949999999999918,3.1529
2024-04-15,3.1608,3.1529,3.16015,-0.007249999999999979,3.1604
2024-04-16,3.16115,3.1604,3.1608,-0.00039999999999995595,3.1575
2024-04-17,3.1587,3.1575,3.16115,-0.003649999999999931,3.1492
2024-04-18,3.15535,3.1492,3.1587,-0.009500000000000064,3.1536
2024-04-19,3.1539,3.1536,3.15535,-0.0017499999999999183,3.1559
2024-04-22,3.16245,3.1559,3.1539,0.0019999999999997797,3.1508
2024-04-23,3.1488,3.1508,3.16245,-0.011650000000000382,3.1482
2024-04-24,3.14845,3.1482,3.1488,-0.0005999999999999339,3.1418
2024-04-25,3.148,3.1418,3.14845,-0.006650000000000045,3.1406
2024-04-26,3.14885,3.1406,3.148,-0.007400000000000073,3.1421
2024-04-29,3.14805,3.1421,3.14885,-0.006749999999999812,3.1453
2024-04-30,3.14775,3.1453,3.14805,-0.002749999999999808,3.1423
2024-05-02,3.1489,3.1423,3.14775,-0.005449999999999733,3.1343
2024-05-03,3.1286,3.1343,3.1489,-0.014599999999999724,3.1296
2024-05-06,3.129,3.1296,3.1286,0.0009999999999998899,3.1303
2024-05-07,3.1302,3.1303,3.129,0.0013000000000000789,3.1358
2024-05-08,3.138,3.1358,3.1302,0.005600000000000271,3.1367
2024-05-09,3.13505,3.1367,3.138,-0.0013000000000000789,3.1294
2024-05-10,3.1311,3.1294,3.13505,-0.005650000000000155,3.1298
2024-05-13,3.1275,3.1298,3.1311,-0.0013000000000000789,3.1308
2024-05-14,3.12545,3.1308,3.1275,0.0032999999999998586,3.1165
2024-05-15,3.12035,3.1165,3.12545,-0.008950000000000014,3.1107
2024-05-16,3.1159,3.1107,3.12035,-0.009650000000000158,3.1151
2024-05-17,3.1153,3.1151,3.1159,-0.0007999999999999119,3.1119
2024-05-20,3.1147,3.1119,3.1153,-0.0034000000000000696,3.1136
2024-05-21,3.1162,3.1136,3.1147,-0.001100000000000101,3.1147
2024-05-22,3.12,3.1147,3.1162,-0.0015000000000000568,3.1195
2024-05-23,3.1202,3.1195,3.12,-0.000500000000000167,3.1216
2024-05-24,3.11865,3.1216,3.1202,0.0013999999999998458,3.1162
2024-05-27,3.1161,3.1162,3.11865,-0.0024500000000000632,3.1098
2024-05-28,3.1138,3.1098,3.1161,-0.006299999999999972,3.1171
2024-05-29,3.1194,3.1171,3.1138,0.0033000000000003027,3.1213
2024-05-30,3.12065,3.1213,3.1194,0.0019000000000000128,3.1164
2024-05-31,3.11205,3.1164,3.12065,-0.004249999999999865,3.1145
2024-06-03,3.1104,3.1145,3.11205,0.0024500000000000632,3.107
2024-06-04,3.11,3.107,3.1104,-0.0033999999999996255,3.1083
2024-06-05,3.1123,3.1083,3.11,-0.0017000000000000348,3.1083
2024-06-06,3.108,3.1083,3.1123,-0.0040000000000000036,3.1088
2024-06-07,3.1222,3.1088,3.108,0.0007999999999999119,3.1306
2024-06-10,3.135,3.1306,3.1222,0.008399999999999963,3.1298
2024-06-11,3.1387,3.1298,3.135,-0.005199999999999871,3.1301
2024-06-12,3.1163,3.1301,3.1387,-0.008599999999999941,3.1186
2024-06-13,3.1257,3.1186,3.1163,0.0022999999999999687,3.1368
2024-06-14,3.1469,3.1368,3.1257,0.011099999999999888,3.1373
2024-06-18,3.1353,3.1373,3.1469,-0.009599999999999831,3.1338
2024-06-19,3.13465,3.1338,3.1353,-0.0015000000000000568,3.1367
2024-06-20,3.1393,3.1367,3.13465,0.002049999999999663,3.1446
2024-06-21,3.1481,3.1446,3.1393,0.005300000000000082,3.1415
2024-06-24,3.1384,3.1415,3.1481,-0.006599999999999717,3.1382
2024-06-25,3.1451,3.1382,3.1384,-0.00019999999999997797,3.1444
2024-06-26,3.1511,3.1444,3.1451,-0.0006999999999997009,3.1463
2024-06-27,3.1437,3.1463,3.1511,-0.0047999999999999154,3.1415
2024-06-28,3.14695,3.1415,3.1437,-0.0021999999999997577,3.1355
2024-07-01,3.1387,3.1355,3.14695,-0.01144999999999996,3.1425
2024-07-02,3.1455,3.1425,3.1387,0.0038000000000000256,3.1352
2024-07-03,3.137,3.1352,3.1455,-0.010299999999999976,3.1261
2024-07-04,3.1279,3.1261,3.137,-0.01089999999999991,3.1206
2024-07-05,3.1231,3.1206,3.1279,-0.007299999999999862,3.1166
2024-07-08,3.1219,3.1166,3.1231,-0.00649999999999995,3.1205
2024-07-09,3.1231,3.1205,3.1219,-0.00140000000000029,3.1203
2024-07-10,3.12415,3.1203,3.1231,-0.0028000000000001357,3.1178
2024-07-11,3.1177,3.1178,3.12415,-0.0063500000000003,3.1069
2024-07-12,3.1069,3.1069,3.1177,-0.010800000000000143,3.1018
2024-07-15,3.1019,3.1018,3.1069,-0.0051000000000001044,3.1014
2024-07-16,3.1042,3.1014,3.1019,-0.000500000000000167,3.0933
2024-07-17,3.0957,3.0933,3.1042,-0.01089999999999991,3.0923
2024-07-18,3.0959,3.0923,3.0957,-0.0034000000000000696,3.0923
2024-07-19,3.1062,3.0923,3.0959,-0.0036000000000000476,3.0977
2024-07-22,3.1049,3.0977,3.1062,-0.00849999999999973,3.0978
2024-07-23,3.1087,3.0978,3.1049,-0.007100000000000328,3.1084
2024-07-24,3.1104,3.1084,3.1087,-0.0002999999999997449,3.1061
2024-07-26,3.1086,3.1061,3.1104,-0.0042999999999997485,3.105
2024-07-29,3.1114,3.105,3.1086,-0.0036000000000000476,3.1106
2024-07-30,3.1126,3.1106,3.1114,-0.000800000000000356,3.1065
2024-07-31,3.10795,3.1065,3.1126,-0.006099999999999994,3.1081
2024-08-01,3.1158,3.1081,3.10795,0.0001499999999996504,3.109
2024-08-02,3.1003,3.109,3.1158,-0.006800000000000139,3.0744
2024-08-05,3.0795,3.0744,3.1003,-0.025900000000000034,3.0821
2024-08-06,3.0904,3.0821,3.0795,0.0026000000000001577,3.0853
2024-08-07,3.0904,3.0853,3.0904,-0.00509999999999966,3.0818
2024-08-08,3.0888,3.0818,3.0904,-0.008599999999999941,3.0844
2024-08-09,3.0901,3.0844,3.0888,-0.0043999999999999595,3.0833
2024-08-12,3.0887,3.0833,3.0901,-0.006800000000000139,3.0691
2024-08-14,3.07115,3.0691,3.0887,-0.019599999999999618,3.0676
2024-08-15,3.073,3.0676,3.07115,-0.00354999999999972,3.0741
2024-08-16,3.0763,3.0741,3.073,0.001100000000000101,3.0617
2024-08-19,3.06625,3.0617,3.0763,-0.014599999999999724,3.0547
2024-08-20,3.0578,3.0547,3.06625,-0.011550000000000171,3.0473
2024-08-21,3.05085,3.0473,3.0578,-0.010499999999999954,3.04
2024-08-22,3.04535,3.04,3.05085,-0.010850000000000026,3.0442
2024-08-23,3.0492,3.0442,3.04535,-0.0011499999999999844,3.0303
2024-08-26,3.0378,3.0303,3.0492,-0.018899999999999917,3.0363
2024-08-27,3.03885,3.0363,3.0378,-0.0014999999999996128,3.0365
2024-08-28,3.04525,3.0365,3.03885,-0.002349999999999852,3.0474
2024-08-29,3.04985,3.0474,3.04525,0.0021500000000003183,3.0485
2024-08-30,3.0539,3.0485,3.04985,-0.0013499999999999623,3.055
2024-09-02,3.0582,3.055,3.0539,0.001100000000000101,3.054
2024-09-03,3.0607,3.054,3.0582,-0.0041999999999999815,3.0553
2024-09-04,3.05405,3.0553,3.0607,-0.0054000000000002935,3.049
2024-09-05,3.0508,3.049,3.05405,-0.005050000000000221,3.041
2024-09-06,3.0501,3.041,3.0508,-0.009800000000000253,3.0505
2024-09-09,3.0587,3.0505,3.0501,0.00039999999999995595,3.055
2024-09-10,3.0619,3.055,3.0587,-0.0036999999999998145,3.0535
2024-09-11,3.0639,3.0535,3.0619,-0.008399999999999963,3.0587
2024-09-12,3.0593,3.0587,3.0639,-0.005199999999999871,3.0422
2024-09-13,3.0476,3.0422,3.0593,-0.017100000000000115,3.0366
2024-09-16,3.0409,3.0366,3.0476,-0.01100000000000012,3.0345
2024-09-17,3.0433,3.0345,3.0409,-0.006400000000000183,3.0372
2024-09-18,3.03975,3.0372,3.0433,-0.006099999999999994,3.0343
2024-09-19,3.04335,3.0343,3.03975,-0.005450000000000177,3.0322
2024-09-20,3.03965,3.0322,3.04335,-0.011150000000000215,3.0426
2024-09-23,3.0436,3.0426,3.03965,0.00295000000000023,3.0365
2024-09-24,3.0356,3.0365,3.0436,-0.007099999999999884,3.0284
2024-09-25,3.03075,3.0284,3.0356,-0.007200000000000095,3.0351
2024-09-26,3.04095,3.0351,3.03075,0.004350000000000076,3.0362
2024-09-27,3.03135,3.0362,3.04095,-0.004750000000000032,3.0275
2024-09-30,3.03215,3.0275,3.03135,-0.003850000000000353,3.0402
2024-10-01,3.04945,3.0402,3.03215,0.00804999999999989,3.0492
2024-10-02,3.05825,3.0492,3.04945,-0.00025000000000030553,3.059
2024-10-03,3.0652,3.059,3.05825,0.0007500000000000284,3.0613
2024-10-04,3.0753,3.0613,3.0652,-0.0038999999999997925,3.0717
2024-10-07,3.0754,3.0717,3.0753,-0.0036000000000000476,3.0687
2024-10-08,3.0756,3.0687,3.0754,-0.006699999999999928,3.0717
2024-10-09,3.0815,3.0717,3.0756,-0.0039000000000002366,3.0804
2024-10-10,3.084,3.0804,3.0815,-0.001100000000000101,3.0787
2024-10-11,3.0827,3.0787,3.084,-0.005300000000000082,3.0825
2024-10-14,3.08895,3.0825,3.0827,-0.00019999999999997797,3.0898
2024-10-16,3.0933,3.0898,3.08895,0.0008499999999997954,3.0962
2024-10-17,3.1056,3.0962,3.0933,0.0028999999999999027,3.0982
2024-10-18,3.0978,3.0982,3.1056,-0.007400000000000073,3.0965
2024-10-21,3.1014,3.0965,3.0978,-0.0013000000000000789,3.1004
2024-10-22,3.11075,3.1004,3.1014,-0.0009999999999998899,3.1096
2024-10-23,3.1177,3.1096,3.11075,-0.0011499999999999844,3.1105
2024-10-24,3.1114,3.1105,3.1177,-0.007200000000000095,3.1034
2024-10-25,3.1065,3.1034,3.1114,-0.008000000000000007,3.1082
2024-10-28,3.1091,3.1082,3.1065,0.0017000000000000348,3.1079
2024-10-29,3.11485,3.1079,3.1091,-0.001200000000000312,3.104
2024-10-30,3.1049,3.104,3.11485,-0.010850000000000026,3.097
2024-10-31,3.1057,3.097,3.1049,-0.00790000000000024,3.0988
2024-11-01,3.103,3.0988,3.1057,-0.006899999999999906,3.0931
2024-11-04,3.0941,3.0931,3.103,-0.00990000000000002,3.0925
2024-11-05,3.0964,3.0925,3.0941,-0.0016000000000002679,3.1196
2024-11-06,3.1323,3.1196,3.0964,0.02320000000000011,3.1184
2024-11-07,3.1162,3.1184,3.1323,-0.013900000000000023,3.1139
2024-11-08,3.1213,3.1139,3.1162,-0.0022999999999999687,3.1299
2024-11-11,3.1418,3.1299,3.1213,0.008599999999999941,3.1398
2024-11-12,3.14855,3.1398,3.1418,-0.0019999999999997797,3.1462
2024-11-13,3.1481,3.1462,3.14855,-0.0023500000000002963,3.1558
2024-11-14,3.1685,3.1558,3.1481,0.007700000000000262,3.1592
2024-11-15,3.16385,3.1592,3.1685,-0.009300000000000086,3.159
2024-11-18,3.1626,3.159,3.16385,-0.004850000000000243,3.1543
2024-11-19,3.1568,3.1543,3.1626,-0.008299999999999752,3.1549
2024-11-20,3.16505,3.1549,3.1568,-0.0019000000000000128,3.1627
2024-11-21,3.1693,3.1627,3.16505,-0.002349999999999852,3.1804
2024-11-22,3.18745,3.1804,3.1693,0.011100000000000332,3.1721
2024-11-25,3.1694,3.1721,3.18745,-0.015350000000000197,3.1624
2024-11-26,3.1723,3.1624,3.1694,-0.007000000000000117,3.1583
2024-11-27,3.1594,3.1583,3.1723,-0.01399999999999979,3.1568
2024-11-28,3.16295,3.1568,3.1594,-0.0026000000000001577,3.1476
2024-11-29,3.15705,3.1476,3.16295,-0.015349999999999753,3.1599
2024-12-02,3.16485,3.1599,3.15705,0.002850000000000019,3.1646
2024-12-03,3.16145,3.1646,3.16485,-0.00024999999999986144,3.1601
2024-12-04,3.17335,3.1601,3.16145,-0.0013499999999999623,3.1538
2024-12-05,3.1537,3.1538,3.17335,-0.01955000000000018,3.1488
2024-12-06,3.1502,3.1488,3.1537,-0.0049000000000001265,3.1513
2024-12-09,3.1536,3.1513,3.1502,0.001100000000000101,3.154
2024-12-10,3.1627,3.154,3.1536,0.00039999999999995595,3.1615
2024-12-11,3.16445,3.1615,3.1627,-0.0011999999999998678,3.1615
2024-12-12,3.16955,3.1615,3.16445,-0.002949999999999786,3.1672
2024-12-13,3.17095,3.1672,3.16955,-0.0023500000000002963,3.1644
2024-12-16,3.17155,3.1644,3.17095,-0.006549999999999834,3.165
2024-12-18,3.17275,3.165,3.17155,-0.006549999999999834,3.183
2024-12-19,3.19405,3.183,3.17275,0.010249999999999648,3.1863
2024-12-20,3.19375,3.1863,3.19405,-0.007749999999999702,3.1814
2024-12-23,3.19685,3.1814,3.19375,-0.012350000000000083,3.1843
2024-12-24,3.19615,3.1843,3.19685,-0.012550000000000061,3.1817
2024-12-25,3.19405,3.1817,3.19615,-0.01444999999999963,3.1854
2024-12-26,3.19715,3.1854,3.19405,-0.008649999999999824,3.1851
2024-12-27,3.19045,3.1851,3.19715,-0.012050000000000338,3.1829
2024-12-30,3.19735,3.1829,3.19045,-0.007549999999999724,3.1845
2024-12-31,3.19675,3.1845,3.19735,-0.01285000000000025,3.1986
2025-01-02,3.21465,3.1986,3.19675,0.0018499999999996852,3.2098
2025-01-03,3.21905,3.2098,3.21465,-0.004849999999999799,3.1954
2025-01-06,3.19275,3.1954,3.21905,-0.023650000000000393,3.1845
2025-01-07,3.19785,3.1845,3.19275,-0.008250000000000313,3.2038
2025-01-08,3.2193,3.2038,3.19785,0.005950000000000344,3.2109
2025-01-09,3.2179,3.2109,3.2193,-0.008399999999999963,3.2143
2025-01-10,3.23055,3.2143,3.2179,-0.0036000000000000476,3.2323
2025-01-13,3.2381,3.2323,3.23055,0.0017499999999999183,3.2217
2025-01-14,3.2311,3.2217,3.2381,-0.016400000000000414,3.2135
2025-01-15,3.21155,3.2135,3.2311,-0.017600000000000282,3.2152
2025-01-16,3.22445,3.2152,3.21155,0.003649999999999931,3.2129
2025-01-17,3.22005,3.2129,3.22445,-0.011550000000000171,3.2094
2025-01-20,3.20025,3.2094,3.22005,-0.010650000000000048,3.1996
2025-01-21,3.20425,3.1996,3.20025,-0.0006499999999998174,3.1885
2025-01-22,3.19515,3.1885,3.20425,-0.015750000000000153,3.1914
2025-01-23,3.19605,3.1914,3.19515,-0.003750000000000142,3.1821
2025-01-24,3.18495,3.1821,3.19605,-0.013949999999999907,3.1745
2025-01-27,3.17145,3.1745,3.18495,-0.01045000000000007,3.1826
2025-01-28,3.19075,3.1826,3.17145,0.011149999999999771,3.1848
2025-01-29,3.19765,3.1848,3.19075,-0.0059499999999999,3.1861
2025-01-30,3.18245,3.1861,3.19765,-0.011549999999999727,3.1876
2025-01-31,3.19845,3.1876,3.18245,0.005150000000000432,3.2205
2025-02-03,3.2212,3.2205,3.19845,0.022050000000000125,3.2018
2025-02-04,3.20365,3.2018,3.2212,-0.019400000000000084,3.1857
2025-02-05,3.18945,3.1857,3.20365,-0.01794999999999991,3.1913
2025-02-06,3.19795,3.1913,3.18945,0.0018500000000001293,3.1881
2025-02-07,3.19645,3.1881,3.19795,-0.009850000000000136,3.2011
2025-02-10,3.20655,3.2011,3.19645,0.004649999999999821,3.2047
2025-02-11,3.20455,3.2047,3.20655,-0.0018500000000001293,3.1979
2025-02-12,3.20795,3.1979,3.20455,-0.006649999999999601,3.1845
2025-02-13,3.19465,3.1845,3.20795,-0.02344999999999997,3.1733
2025-02-14,3.17225,3.1733,3.19465,-0.021350000000000424,3.168
2025-02-17,3.1739,3.168,3.17225,-0.004249999999999865,3.1715
2025-02-18,3.17845,3.1715,3.1739,-0.0024000000000001798,3.1746
2025-02-19,3.1814,3.1746,3.17845,-0.003850000000000353,3.1745
2025-02-20,3.17615,3.1745,3.1814,-0.006899999999999906,3.1654
2025-02-21,3.17065,3.1654,3.17615,-0.010749999999999815,3.1636
2025-02-24,3.17185,3.1636,3.17065,-0.007050000000000001,3.1677
2025-02-25,3.1652,3.1677,3.17185,-0.004150000000000098,3.1638
2025-02-26,3.1688,3.1638,3.1652,-0.0013999999999998458,3.1667
2025-02-27,3.17765,3.1667,3.1688,-0.0020999999999999908,3.1832
2025-02-28,3.18425,3.1832,3.17765,0.005549999999999944,3.1801
2025-03-03,3.1778,3.1801,3.18425,-0.004150000000000098,3.1608
2025-03-04,3.16095,3.1608,3.1778,-0.016999999999999904,3.1276
2025-03-05,3.1283,3.1276,3.16095,-0.03334999999999999,3.1026
2025-03-06,3.1085,3.1026,3.1283,-0.025700000000000056,3.0961
2025-03-07,3.0982,3.0961,3.1085,-0.012399999999999967,3.0941
2025-03-10,3.0952,3.0941,3.0982,-0.0040999999999997705,3.0838
2025-03-11,3.0897,3.0838,3.0952,-0.011400000000000077,3.0839
2025-03-12,3.0893,3.0839,3.0897,-0.005800000000000249,3.0908
2025-03-13,3.0947,3.0908,3.0893,0.0015000000000000568,3.0917
2025-03-14,3.0906,3.0917,3.0947,-0.0030000000000001137,3.0876
2025-03-17,3.08865,3.0876,3.0906,-0.0029999999999996696,3.0763
2025-03-18,3.08505,3.0763,3.08865,-0.012350000000000083,3.0837
2025-03-19,3.0929,3.0837,3.08505,-0.0013499999999999623,3.0947
2025-03-21,3.1013,3.0947,3.0929,0.0017999999999998018,3.096
2025-03-24,3.0998,3.096,3.1013,-0.005300000000000082,3.1049
2025-03-25,3.10565,3.1049,3.0998,0.0051000000000001044,3.1051
2025-03-26,3.1106,3.1051,3.10565,-0.0005499999999996064,3.1074
2025-03-27,3.1117,3.1074,3.1106,-0.0031999999999996476,3.1054
2025-03-28,3.11185,3.1054,3.1117,-0.006299999999999972,3.1023
2025-04-02,3.1029,3.1023,3.11185,-0.009549999999999947,3.0604
2025-04-03,3.0493,3.0604,3.1029,-0.04249999999999998,3.0518
2025-04-04,3.0648,3.0518,3.0493,0.0024999999999999467,3.0625
2025-04-07,3.08065,3.0625,3.0648,-0.0022999999999999687,3.0764
2025-04-08,3.08515,3.0764,3.08065,-0.004249999999999865,3.057
2025-04-10,3.04475,3.057,3.08515,-0.02815000000000012,2.9903
2025-04-11,3.00005,2.9903,3.04475,-0.05445000000000011,2.99
2025-04-14,3.00815,2.99,3.00005,-0.01004999999999967,2.9952
2025-04-15,3.00625,2.9952,3.00815,-0.012950000000000017,2.9883
2025-04-16,2.99725,2.9883,3.00625,-0.01794999999999991,2.9916
2025-04-17,2.99405,2.9916,2.99725,-0.005650000000000155,2.987
2025-04-18,2.99455,2.987,2.99405,-0.007050000000000001,2.9601
2025-04-21,2.97125,2.9601,2.99455,-0.03444999999999965,2.9621
2025-04-22,2.97525,2.9621,2.97125,-0.009149999999999991,2.9832
2025-04-23,2.99635,2.9832,2.97525,0.007950000000000124,2.99
2025-04-24,2.99365,2.99,2.99635,-0.006349999999999856,2.9925
2025-04-25,2.99755,2.9925,2.99365,-0.0011499999999999844,2.9928
2025-04-28,2.99465,2.9928,2.99755,-0.004750000000000032,2.9829
2025-04-29,2.98875,2.9829,2.99465,-0.01175000000000015,2.9871
2025-04-30,2.99425,2.9871,2.98875,-0.0016500000000001513,2.9889
2025-05-02,2.9938,2.9889,2.99425,-0.005349999999999966,2.9923
2025-05-05,2.99645,2.9923,2.9938,-0.0014999999999996128,2.9906
2025-05-06,2.99555,2.9906,2.99645,-0.005849999999999689,2.9891
2025-05-07,2.99265,2.9891,2.99555,-0.006450000000000067,2.9903
2025-05-08,3.00255,2.9903,2.99265,-0.002349999999999852,2.9998
2025-05-09,3.0097,2.9998,3.00255,-0.002749999999999808,3.0217
2025-05-12,3.0379,3.0217,3.0097,0.01200000000000001,3.0253
2025-05-13,3.03325,3.0253,3.0379,-0.012599999999999945,3.0121
2025-05-14,3.01645,3.0121,3.03325,-0.021149999999999558,3.0075
2025-05-15,3.01805,3.0075,3.01645,-0.008950000000000014,3.0059
2025-05-16,3.01905,3.0059,3.01805,-0.012150000000000105,2.9979
2025-05-19,3.00815,2.9979,3.01905,-0.021150000000000002,2.9934
2025-05-20,3.00385,2.9934,3.00815,-0.014750000000000263,2.9823
2025-05-21,2.99095,2.9823,3.00385,-0.021549999999999958,2.9809
2025-05-22,2.99835,2.9809,2.99095,-0.010050000000000114,2.9745
2025-05-23,2.98825,2.9745,2.99835,-0.023849999999999927,2.9724
2025-05-26,2.98075,2.9724,2.98825,-0.01584999999999992,2.9759
2025-05-27,2.9863,2.9759,2.98075,-0.004849999999999799,2.981
2025-05-28,2.99655,2.981,2.9863,-0.005300000000000082,2.9867
2025-05-29,2.98805,2.9867,2.99655,-0.009850000000000136,2.9853
2025-05-30,2.99425,2.9853,2.98805,-0.002749999999999808,2.9675
2025-06-02,2.97245,2.9675,2.99425,-0.026750000000000274,2.9605
2025-06-03,2.98105,2.9605,2.97245,-0.011949999999999683,2.9638
2025-06-04,2.97585,2.9638,2.98105,-0.01725000000000021,2.9619
2025-06-05,2.96585,2.9619,2.97585,-0.013949999999999907,2.9574
2025-06-09,2.97985,2.9574,2.96585,-0.00845000000000029,2.9728
2025-06-10,2.97315,2.9728,2.97985,-0.007050000000000001,2.9527
2025-06-11,2.96855,2.9527,2.97315,-0.020449999999999857,2.9488
2025-06-12,2.94955,2.9488,2.96855,-0.019750000000000156,2.9283
2025-06-13,2.95805,2.9283,2.94955,-0.02124999999999977,2.9143
2025-06-16,2.94895,2.9143,2.95805,-0.04375000000000018,2.9187
2025-06-17,2.9546,2.9187,2.94895,-0.03025000000000011,2.9457
2025-06-18,2.96205,2.9457,2.9546,-0.00890000000000013,2.9555
2025-06-19,2.96695,2.9555,2.96205,-0.006550000000000278,2.9571
2025-06-20,2.9602,2.9571,2.96695,-0.009850000000000136,2.9482
2025-06-23,2.96715,2.9482,2.9602,-0.01200000000000001,2.9221
2025-06-24,2.94595,2.9221,2.96715,-0.045050000000000257,2.9242
2025-06-25,2.94455,2.9242,2.94595,-0.021749999999999936,2.9029
2025-06-27,2.9227,2.9029,2.94455,-0.04165000000000019,2.9091
2025-06-30,2.9238,2.9091,2.9227,-0.013599999999999834,2.8896
2025-07-01,2.9066,2.8896,2.9238,-0.034199999999999786,2.8993
2025-07-02,2.9135,2.8993,2.9066,-0.007299999999999862,2.8932
2025-07-03,2.90945,2.8932,2.9135,-0.020299999999999763,2.889
2025-07-04,2.91225,2.889,2.90945,-0.0204500000000003,2.9023
2025-07-07,2.9205,2.9023,2.91225,-0.009949999999999903,2.9112
2025-07-08,2.92105,2.9112,2.9205,-0.009300000000000086,2.9079
2025-07-09,2.924,2.9079,2.92105,-0.013149999999999995,2.9028
2025-07-10,2.921,2.9028,2.924,-0.021199999999999886,2.907
2025-07-11,2.9261,2.907,2.921,-0.01399999999999979,2.892
2025-07-14,2.9274,2.892,2.9261,-0.03410000000000002,2.9207
2025-07-15,2.9313,2.9207,2.9274,-0.006699999999999928,2.9168
2025-07-16,2.94155,2.9168,2.9313,-0.014499999999999957,2.9222
2025-07-17,2.94715,2.9222,2.94155,-0.019349999999999756,2.9091
2025-07-18,2.9385,2.9091,2.94715,-0.03805000000000014,2.9093
2025-07-21,2.9339,2.9093,2.9385,-0.029199999999999893,2.9125
2025-07-22,2.9269,2.9125,2.9339,-0.021399999999999864,2.8969
2025-07-23,2.9205,2.8969,2.9269,-0.029999999999999805,2.9056
2025-07-24,2.9178,2.9056,2.9205,-0.014899999999999913,2.9031
2025-07-28,2.93655,2.9031,2.9178,-0.01470000000000038,2.9361
2025-07-29,2.94915,2.9361,2.93655,-0.0004499999999998394,2.9298
2025-07-30,2.95325,2.9298,2.94915,-0.019349999999999756,2.9549
2025-07-31,2.97145,2.9549,2.95325,0.0016499999999997073,2.9484
2025-08-01,2.97685,2.9484,2.97145,-0.023050000000000015,2.9389
2025-08-04,2.9472,2.9389,2.97685,-0.03795000000000037,2.943
2025-08-05,2.95285,2.943,2.9472,-0.0041999999999999815,2.8956
2025-08-06,2.94205,2.8956,2.95285,-0.057250000000000245,2.9086
2025-08-07,2.9312,2.9086,2.94205,-0.0334500000000002,2.9133
2025-08-08,2.9341,2.9133,2.9312,-0.017900000000000027,2.8984
2025-08-11,2.9341,2.8984,2.9341,-0.03569999999999984,2.9189
2025-08-12,2.9388,2.9189,2.9341,-0.015200000000000102,2.9
2025-08-14,2.9212,2.9,2.9388,-0.03880000000000017,2.9057
2025-08-15,2.92145,2.9057,2.9212,-0.015499999999999847,2.8993
2025-08-18,2.9231,2.8993,2.92145,-0.022149999999999892,2.9112
2025-08-19,2.9223,2.9112,2.9231,-0.0118999999999998,2.9186
2025-08-20,2.9275,2.9186,2.9223,-0.0036999999999998145,2.9062
2025-08-21,2.9267,2.9062,2.9275,-0.021300000000000097,2.9216
2025-08-22,2.9363,2.9216,2.9267,-0.00509999999999966,2.9011
2025-08-25,2.9203,2.9011,2.9363,-0.03520000000000012,2.919
2025-08-26,2.92605,2.919,2.9203,-0.0013000000000000789,2.9164
2025-08-27,2.9371,2.9164,2.92605,-0.009650000000000158,2.9148
2025-08-28,2.92215,2.9148,2.9371,-0.022299999999999986,2.9119
2025-08-29,2.9233,2.9119,2.92215,-0.010249999999999648,2.9087
2025-09-01,2.91535,2.9087,2.9233,-0.014599999999999724,2.9181
2025-09-02,2.9295,2.9181,2.91535,0.002749999999999808,2.9222
2025-09-03,2.9245,2.9222,2.9295,-0.007299999999999862,2.9159
2025-09-05,2.9106,2.9159,2.9245,-0.008599999999999941,2.9089
2025-09-08,2.91035,2.9089,2.9106,-0.0017000000000000348,2.9064
2025-09-09,2.9118,2.9064,2.91035,-0.00395000000000012,2.9152
2025-09-10,2.9142,2.9152,2.9118,0.0034000000000000696,2.9171
2025-09-11,2.9114,2.9171,2.9142,0.0028999999999999027,2.9118
2025-09-12,2.9144,2.9118,2.9114,0.00039999999999995595,2.9106
2025-09-15,2.9085,2.9106,2.9144,-0.0038000000000000256,2.8982
2025-09-16,2.8962,2.8982,2.9085,-0.010299999999999976,2.8953
2025-09-17,2.8928,2.8953,2.8962,-0.0008999999999996788,2.8973
2025-09-18,2.9094,2.8973,2.8928,0.0045000000000001705,2.9099
2025-09-19,2.9101,2.9099,2.9094,0.0004999999999997229,2.9103
2025-09-22,2.908,2.9103,2.9101,0.00019999999999997797,2.903
2025-09-23,2.9033,2.903,2.908,-0.004999999999999893,2.9044
2025-09-24,2.9147,2.9044,2.9033,0.0010999999999996568,2.9157
2025-09-25,2.9241,2.9157,2.9147,0.001000000000000334,2.9237
2025-09-26,2.9227,2.9237,2.9241,-0.00039999999999995595,2.9141
2025-09-29,2.9134,2.9141,2.9227,-0.008599999999999941,2.9118
2025-09-30,2.9128,2.9118,2.9134,-0.0016000000000002679,2.9127
2025-10-01,2.9095,2.9127,2.9128,-9.999999999976694e-05,2.9112
2025-10-02,2.9161,2.9112,2.9095,0.0017000000000000348,2.9146
2025-10-03,2.91255,2.9146,2.9161,-0.0015000000000000568,2.9233
2025-10-06,2.92165,2.9233,2.91255,0.010749999999999815,2.9278
2025-10-07,2.9297,2.9278,2.92165,0.006149999999999878,2.9393
2025-10-08,2.9357,2.9393,2.9297,0.009599999999999831,2.9392
2025-10-09,2.9421,2.9392,2.9357,0.0034999999999998366,2.9474
2025-10-10,2.9465,2.9474,2.9421,0.005300000000000082,2.9485
2025-10-13,2.945,2.9485,2.9465,0.002000000000000224,2.9509
2025-10-14,2.94515,2.9509,2.945,0.005900000000000016,2.9329
2025-10-16,2.9291,2.9329,2.94515,-0.012249999999999872,2.9237
2025-10-17,2.92885,2.9237,2.9291,-0.005399999999999849,2.9309
2025-10-20,2.9306,2.9309,2.92885,0.002049999999999663,2.9348
2025-10-21,2.93825,2.9348,2.9306,0.0041999999999999815,2.9399
2025-10-22,2.94135,2.9399,2.93825,0.0016500000000001513,2.9368
2025-10-23,2.9402,2.9368,2.94135,-0.004550000000000054,2.938
2025-10-24,2.9378,2.938,2.9402,-0.0021999999999997577,2.9368
2025-10-27,2.93695,2.9368,2.9378,-0.001000000000000334,2.9318
2025-10-28,2.93665,2.9318,2.93695,-0.005149999999999988,2.9359
2025-10-29,2.93715,2.9359,2.93665,-0.0007500000000000284,2.9404
2025-10-30,2.9496,2.9404,2.93715,0.003249999999999975,2.9507
2025-10-31,2.9564,2.9507,2.9496,0.0010999999999996568,2.954
2025-11-03,2.9607,2.954,2.9564,-0.0023999999999997357,2.9561
2025-11-04,2.96305,2.9561,2.9607,-0.0045999999999999375,2.9626
2025-11-05,2.9673,2.9626,2.96305,-0.0004499999999998394,2.9583
2025-11-06,2.95575,2.9583,2.9673,-0.008999999999999897,2.9524
2025-11-07,2.9505,2.9524,2.95575,-0.003350000000000186,2.9463
2025-11-10,2.95025,2.9463,2.9505,-0.0041999999999999815,2.9498
2025-11-11,2.94645,2.9498,2.95025,-0.0004499999999998394,2.9469
2025-11-12,2.9535,2.9469,2.94645,0.0004499999999998394,2.9429
2025-11-13,2.94395,2.9429,2.9535,-0.010600000000000165,2.9397
2025-11-14,2.9418,2.9397,2.94395,-0.004249999999999865,2.9431
2025-11-17,2.94775,2.9431,2.9418,0.0012999999999996348,2.947
2025-11-18,2.9478,2.947,2.94775,-0.0007500000000000284,2.9493
2025-11-19,2.95285,2.9493,2.9478,0.0015000000000000568,2.9611
2025-11-20,2.96045,2.9611,2.95285,0.008249999999999869,2.9575
2025-11-21,2.96155,2.9575,2.96045,-0.002949999999999786,2.9613
2025-11-24,2.95915,2.9613,2.96155,-0.00024999999999986144,2.9574
2025-11-25,2.9547,2.9574,2.95915,-0.0017500000000003624,2.9492
2025-11-26,2.95555,2.9492,2.9547,-0.00550000000000006,2.9466
2025-11-27,2.9479,2.9466,2.95555,-0.008950000000000014,2.9494
2025-11-28,2.9501,2.9494,2.9479,0.0014999999999996128,2.9414
2025-12-01,2.9402,2.9414,2.9501,-0.008700000000000152,2.9444
2025-12-02,2.94475,2.9444,2.9402,0.0041999999999999815,2.9384
2025-12-03,2.9364,2.9384,2.94475,-0.006349999999999856,2.9323
2025-12-04,2.9339,2.9323,2.9364,-0.0040999999999997705,2.9316
2025-12-05,2.93625,2.9316,2.9339,-0.0022999999999999687,2.9332
2025-12-08,2.938,2.9332,2.93625,-0.003049999999999997,2.9348
2025-12-09,2.9408,2.9348,2.938,-0.0032000000000000917,2.9345
2025-12-10,2.9413,2.9345,2.9408,-0.006299999999999972,2.9247
2025-12-11,2.9223,2.9247,2.9413,-0.016599999999999948,2.919
2025-12-12,2.926,2.919,2.9223,-0.0032999999999998586,2.9174
2025-12-15,2.9219,2.9174,2.926,-0.008599999999999941,2.9122
2025-12-16,2.9185,2.9122,2.9219,-0.009700000000000042,2.9123
2025-12-18,2.9207,2.9123,2.9185,-0.006199999999999761,2.9147
2025-12-19,2.92685,2.9147,2.9207,-0.006000000000000227,2.9102
2025-12-22,2.9208,2.9102,2.92685,-0.01664999999999983,2.9053
2025-12-23,2.9126,2.9053,2.9208,-0.015499999999999847,2.8865
2025-12-24,2.9103,2.8865,2.9126,-0.026100000000000012,2.9035
2025-12-25,2.9081,2.9035,2.9103,-0.006799999999999695,2.8883
2025-12-26,2.9064,2.8883,2.9081,-0.01980000000000004,2.8928
2025-12-29,2.9093,2.8928,2.9064,-0.013600000000000279,2.8804
2025-12-30,2.9105,2.8804,2.9093,-0.028900000000000148,2.9009
2025-12-31,2.9141,2.9009,2.9105,-0.009599999999999831,2.8776
2026-01-02,2.9178,2.8776,2.9141,-0.036499999999999755,2.8842
2026-01-05,2.9242,2.8842,2.9178,-0.033600000000000296,2.8791
2026-01-06,2.9167,2.8791,2.9242,-0.045099999999999696,2.8875
2026-01-07,2.9203,2.8875,2.9167,-0.029199999999999893,2.8968
2026-01-08,2.9256,2.8968,2.9203,-0.0235000000000003,2.8913
2026-01-09,2.92665,2.8913,2.9256,-0.0343,2.8951
2026-01-12,2.9203,2.8951,2.92665,-0.03155000000000019,2.9064
2026-01-13,2.9251,2.9064,2.9203,-0.013900000000000023,2.8997
2026-01-14,2.927,2.8997,2.9251,-0.025399999999999867,2.9077
2026-01-15,2.93475,2.9077,2.927,-0.019299999999999873,2.9167
2026-01-16,2.9317,2.9167,2.93475,-0.01805000000000012,2.9158
2026-01-19,2.92905,2.9158,2.9317,-0.015900000000000247,2.9072
2026-01-20,2.91195,2.9072,2.92905,-0.021850000000000147,2.8883
2026-01-21,2.9134,2.8883,2.91195,-0.02364999999999995,2.8942
2026-01-22,2.9166,2.8942,2.9134,-0.019200000000000106,2.8807
2026-01-23,2.9116,2.8807,2.9166,-0.03589999999999982,2.8587
